-27.635857,32.683823,-1013.550781
-25.711132,35.709934,-1013.938477
-26.527838,36.827354,-1012.145020
-25.456203,36.060909,-1013.269043
-26.629110,33.653015,-1012.168945
-26.514660,34.672787,-1009.581543
-26.200785,36.215496,-1008.703613
-26.525091,37.613716,-1006.030273
-26.131214,38.792355,-1007.819824
-26.437275,36.305019,-1008.039551
-26.406694,37.020248,-1008.529297
-26.238426,35.932835,-1008.673340
-26.355495,37.146191,-1007.373535
-26.162222,37.210964,-1008.126465
-26.250841,36.754459,-1007.919434
-26.255886,37.055599,-1008.114258
-26.232574,36.639359,-1008.289551
-26.344774,36.974373,-1007.861328
-26.346825,37.034172,-1008.104004
-26.443745,36.890110,-1007.997559
-26.492460,37.050106,-1008.039551
-26.471094,35.340145,-1008.144531
-26.481501,35.101360,-1008.000000
-26.383244,31.931826,-1008.104004
-26.345211,31.815680,-1008.059570
-26.262648,29.413908,-1008.076172
-26.202475,28.896236,-1008.121582
-26.180595,28.973886,-1008.068359
-26.159082,29.247238,-1008.102051
-26.211597,33.332275,-1008.062988
-26.237574,35.196350,-1008.053223
-26.277727,38.306564,-1008.055176
-26.287090,37.878716,-1009.580566
-26.295557,37.188404,-1011.491699
-26.323826,36.358070,-1014.998535
-26.358860,36.437363,-1015.114746
-26.392572,36.721416,-1015.333008
-26.408041,37.290237,-1013.018555
-26.390751,36.866665,-1012.010254
-26.366173,36.834583,-1011.849609
-26.328745,36.764915,-1009.372070
-26.298197,37.050472,-1006.293457
-26.309639,36.965023,-1007.596191
-26.329660,36.988834,-1007.985840
-26.358015,36.951324,-1008.412109
-26.392599,36.920048,-1008.759766
-26.425880,36.955917,-1009.013184
-26.450136,36.885921,-1011.508789
-26.454226,36.864311,-1014.877441
-26.432192,36.838715,-1016.674316
-26.379326,35.259129,-1017.482422
-26.321463,33.359829,-1016.389648
-26.251879,29.784147,-1015.288086
-26.219957,28.086920,-1015.848633
-26.204206,27.518667,-1015.651855
-26.213636,28.231379,-1016.607910
-26.213636,28.231379,-1016.607910
-26.232931,29.627756,-1016.082031
-26.233389,29.036238,-1015.925781
-26.243437,29.299778,-1014.476074
-26.243437,29.299778,-1014.476074
-26.243458,28.460373,-1013.965332
-26.277485,30.397318,-1012.658203
-26.325459,32.523232,-1014.366699
-26.385374,35.905128,-1015.413574
-26.385374,35.905128,-1015.413574
-24.885998,37.727985,-1015.181641
-23.004492,38.006542,-1013.868164
-19.485367,37.422649,-1008.582031
-19.317965,36.159912,-1007.742676
-20.607031,36.765800,-1006.083008
-24.738985,36.625584,-1007.930176
-27.675941,35.823715,-1009.015137
-27.580036,33.561413,-1008.064941
-27.110994,31.347528,-1008.577637
-25.000967,31.695097,-1007.340332
-26.069839,34.528358,-1008.044434
-26.127560,35.580677,-1008.245605
-26.127560,35.580677,-1008.245605
-26.863297,37.054653,-1007.986816
-26.612503,34.037453,-1008.300293
-26.112928,34.854824,-1007.859863
-26.325127,35.699249,-1008.046387
-26.325127,35.699249,-1008.046387
-26.249371,37.211964,-1008.096680
-26.469233,37.361519,-1007.999023
-26.422335,32.927326,-1008.164551
-26.250395,31.723188,-1008.018066
-26.250395,31.723188,-1008.018066
-26.296726,30.687410,-1008.081055
-26.236547,33.268307,-1008.083008
-26.275148,33.913452,-1008.041504
-26.236057,31.757067,-1008.108887
-26.236057,31.757067,-1008.108887
-26.163342,30.636194,-1008.064453
-26.201031,30.397007,-1008.083496
-26.237432,33.179913,-1008.075195
-26.316769,34.545277,-1008.052734
-26.337648,31.840639,-1008.086426
-26.324280,29.325874,-1008.083496
-26.324133,27.860308,-1008.096191
-26.326599,31.426794,-1008.080566
-26.310926,34.729248,-1008.057617
-26.270247,36.425941,-1009.600586
-26.204290,35.307690,-1011.494141
-26.206114,35.073921,-1015.006348
-26.243277,35.441292,-1016.668457
-26.334736,37.433838,-1017.216797
-26.412977,38.025105,-1016.529297
-26.450081,37.040638,-1015.214355
-26.479990,37.053219,-1015.845215
-26.453369,35.874073,-1015.639648
-26.440138,37.175869,-1016.473633
-26.395151,36.877911,-1016.098633
-26.356049,36.867294,-1014.321289
-26.336323,36.950520,-1012.553223
-26.317892,36.546787,-1008.889648
-26.329330,36.991165,-1007.493652
-26.345221,36.941315,-1008.400879
-26.336884,35.421272,-1009.376465
-26.342115,35.127995,-1012.370117
-26.300077,33.291508,-1011.357910
-26.306992,35.232876,-1012.442383
-26.305351,36.259346,-1013.837891
-26.321316,37.499657,-1015.214844
-26.357965,38.174244,-1017.990723
-26.363386,36.162479,-1016.297852
-26.418589,37.094303,-1016.220703
-26.432169,36.046383,-1015.363281
-26.453062,37.317444,-1015.354492
-26.255322,27.645050,-1015.273438
-26.238077,29.443071,-1014.325195
-26.200775,29.303032,-1012.297363
-26.181900,29.507818,-1009.527344
-26.166275,28.376131,-1007.532227
-26.182714,28.583609,-1006.738281
-26.205389,28.885994,-1007.537109
-26.237692,30.435232,-1008.724121
-26.264908,32.577721,-1008.317871
-26.307770,35.830170,-1008.449219
-24.810804,37.578274,-1009.107910
-22.965933,38.231518,-1011.457520
-19.513575,37.516476,-1015.206543
-17.875261,36.282387,-1016.855957
-18.850842,35.245514,-1017.543945
-21.378500,33.093777,-1016.530762
-21.378500,33.093777,-1016.530762
-27.096764,28.241274,-1015.887207
-27.838678,27.442747,-1015.630859
-26.345854,29.781126,-1016.570801
-25.434021,32.874817,-1014.560547
-26.319731,36.064529,-1012.428223
-25.982296,37.901806,-1009.050781
-26.958960,37.591858,-1007.194824
-26.311741,37.369328,-1006.954590
-26.311741,37.369328,-1006.954590
-26.146351,36.229504,-1007.537598
-26.358677,36.858387,-1008.798340
-26.151125,36.795181,-1008.222656
-26.521175,37.348175,-1008.337402
-26.360191,37.045521,-1009.144531
-26.300175,35.243683,-1011.392090
-26.353153,33.402264,-1015.130859
-26.181871,29.762100,-1015.166992
-26.289532,29.821739,-1013.950684
-26.218508,29.573622,-1009.520996
-26.232239,31.845848,-1006.593262
-26.266504,31.345509,-1006.733398
-26.199493,29.528721,-1007.168945
-27.756126,28.514536,-1009.374512
-28.050993,27.007816,-1008.290039
-29.669235,29.340998,-1008.238770
-27.851465,28.773972,-1007.585449
-26.770306,29.724604,-1007.796387
-25.556089,28.701857,-1008.364258
-24.928709,28.581619,-1008.145020
-26.863850,29.005371,-1008.202148
-26.016335,28.777637,-1008.008301
-27.068989,30.687994,-1007.965332
-25.858217,30.776430,-1008.153320
-26.027960,33.894993,-1008.053223
-26.391848,34.091038,-1008.110840
-26.148006,36.428722,-1008.044434
-26.602436,37.015949,-1008.012207
-26.280939,36.887974,-1008.073242
-26.334993,38.143040,-1009.576172
-26.419319,34.421745,-1011.515625
-26.304186,35.694382,-1015.004395
-26.427643,32.628696,-1016.669434
-26.337351,35.447060,-1015.691895
-26.312761,34.960907,-1013.101562
-26.321014,33.787598,-1008.285156
-26.238657,31.400215,-1008.812500
-26.265078,27.222435,-1009.943848
-26.265594,27.771280,-1014.986816
-26.270473,27.433641,-1017.590820
-26.302103,29.840836,-1015.726074
-26.253046,29.321146,-1015.040527
-26.247839,29.033125,-1011.100098
-26.260832,30.136311,-1014.224121
-26.291227,32.033661,-1013.715820
-26.369053,36.099369,-1015.240234
-26.381409,37.741768,-1012.543945
-26.393259,38.296707,-1009.948242
-26.380350,37.497997,-1010.236816
-26.360388,36.068111,-1010.546387
-26.388567,36.809193,-1015.545410
-26.374378,36.538963,-1014.284180
-26.385578,37.366077,-1014.562988
-26.352827,36.958733,-1009.070312
-26.332235,36.670525,-1007.019043
-26.324362,36.843601,-1006.519043
-26.316212,36.677330,-1007.010742
-26.330128,36.970070,-1009.520508
-26.329878,36.926121,-1008.125977
-26.337515,36.881168,-1008.412598
-26.345995,36.986271,-1009.083008
-26.346207,36.921429,-1009.616211
-26.354433,37.015720,-1011.883301
-26.347906,37.001888,-1009.674316
-26.347906,37.001888,-1009.674316
-26.349863,36.964912,-1008.784180
-26.331223,35.416767,-1007.277832
-26.326117,34.996624,-1006.619141
-26.290497,31.786278,-1008.802734
-26.290497,31.786278,-1008.802734
-26.280706,31.709780,-1007.816406
-26.247293,29.247362,-1008.999023
-26.232594,28.854187,-1007.698730
-26.249254,30.498869,-1007.806152
-26.255341,31.166695,-1008.241211
-26.325979,36.930679,-1007.865723
-26.327497,36.899586,-1008.345215
-26.359894,38.909386,-1009.504883
-26.345303,37.189117,-1011.406250
-26.317072,34.270790,-1015.078125
-26.324663,35.072197,-1016.573242
-26.267319,31.086313,-1017.345215
-26.298489,33.993206,-1016.528809
-26.298489,33.993206,-1016.528809
-26.281765,32.833759,-1015.210938
-26.328367,35.706257,-1015.883301
-26.362629,37.822556,-1015.588867
-26.362629,37.822556,-1015.588867
-26.360495,36.714970,-1016.508301
-26.397341,38.689213,-1016.084473
-26.371738,35.460880,-1015.863770
-26.415207,37.450333,-1016.002441
-26.415207,37.450333,-1016.002441
-26.411316,36.360363,-1015.820312
-26.417696,37.040459,-1014.572266
-26.409548,37.358067,-1012.582520
-26.375963,36.515137,-1009.013184
-26.375963,36.515137,-1009.013184
-26.364004,37.137806,-1007.410156
-26.337223,36.739193,-1006.754883
-26.320101,36.885090,-1007.539551
-26.309139,37.050755,-1008.833496
-26.294428,36.732430,-1008.183105
-26.299721,36.969791,-1008.423828
-26.299845,36.827534,-1007.541992
-26.284428,35.322819,-1007.958008
-26.193235,27.666239,-1007.974609
-26.216793,28.908550,-1008.349609
-26.239214,28.830751,-1008.318848
-26.254519,28.878553,-1007.606445
-26.254519,28.878553,-1007.606445
-26.258245,28.931574,-1006.283691
-26.276972,30.484806,-1006.427734
-26.267708,30.899708,-1004.606934
-26.307434,34.063740,-1006.528320
-26.313417,34.985653,-1008.651855
-26.177763,29.433451,-1008.353027
-26.128506,26.684637,-1007.244629
-26.216227,28.977602,-1008.345215
-26.216227,28.977602,-1008.345215
-26.263651,29.326815,-1006.402832
-26.308567,29.494091,-1006.370605
-26.304245,28.082020,-1004.312500
-26.341099,30.562540,-1006.489258
-26.317381,32.452763,-1007.154785
-26.287254,32.383251,-1006.045410
-26.257086,32.751606,-1000.403809
-26.292349,35.358910,-1001.224609
-26.307535,36.269367,-999.956543
-26.369370,38.807571,-1004.960449
-26.361040,37.328228,-1006.258789
-26.357321,36.851967,-1007.602051
-26.357321,36.851967,-1007.602051
-26.324385,36.212120,-1007.212402
-26.340326,37.445038,-1010.728027
-26.321190,36.868729,-1010.704102
-26.311125,36.914898,-1016.170410
-26.311125,36.914898,-1016.170410
-26.295734,36.774605,-1017.270508
-26.295734,36.774605,-1017.270508
-26.289131,37.174816,-1016.752441
-26.285364,36.952763,-1014.982422
-26.312315,36.981747,-1016.069336
-26.342762,36.883450,-1015.492188
-26.379917,36.738537,-1016.469238
-26.403841,36.860634,-1014.642090
-26.411127,36.810944,-1012.329102
-26.400764,36.897373,-1009.133301
-26.357433,35.367519,-1007.186523
-26.324253,34.978737,-1006.938477
-26.278643,33.365444,-1007.592773
-26.289797,35.166439,-1008.765625
-26.300070,36.271709,-1008.252930
-26.303497,35.962513,-1008.337891
-26.292377,34.684685,-1007.600586
-26.226553,29.192701,-1008.001465
-26.216984,28.384855,-1008.195312
-26.217604,28.342756,-1008.115723
-26.275522,32.216496,-1008.206543
-26.351452,36.985687,-1007.941895
-26.386789,37.684830,-1009.562988
-26.427771,38.776402,-1011.499023
-26.428843,36.790512,-1014.983887
-26.433096,36.176350,-1016.715820
-26.444094,37.006096,-1017.191406
-26.402451,34.935619,-1014.995605
-26.374512,34.125626,-1013.338867
-26.292252,29.706532,-1010.819824
-26.246933,27.950920,-1010.595703
-26.208147,27.588802,-1009.006348
-26.176662,28.055962,-1008.220215
-26.162537,29.862202,-1008.051270
-26.117369,29.037239,-1006.909180
-26.113600,29.268015,-1008.930664
-26.107248,28.510796,-1007.502930
-26.143568,28.755884,-1008.861816
-26.204468,30.705862,-1007.802246
-26.267134,32.404282,-1007.856934
-26.351418,36.099293,-1008.284668
-27.921717,37.510372,-1007.770020
-29.822350,38.060966,-1008.223633
-33.297268,37.431805,-1007.851562
-34.929798,35.967468,-1007.809570
-33.967724,36.665009,-1007.997070
-31.383862,34.805180,-1007.854980
-26.582552,33.765999,-1009.687500
-25.493496,29.905846,-1009.979492
-24.681087,28.000181,-1011.608887
-26.156290,27.662514,-1009.799316
-27.067043,28.232187,-1008.595215
-26.202488,29.898195,-1007.428711
-26.522936,29.207954,-1006.757324
-25.544985,29.328985,-1008.726562
-26.193554,28.510492,-1007.892578
-26.380726,28.754665,-1008.916992
-26.206982,29.064653,-1007.722656
-26.426418,28.904520,-1007.850586
-26.072206,29.037970,-1008.219238
-26.223333,28.785896,-1007.936523
-26.257200,28.813730,-1008.357910
-26.176983,28.901930,-1008.013672
-26.285898,28.837917,-1008.024414
-26.170727,28.914743,-1008.144531
-26.225222,28.831802,-1008.008789
-26.236177,28.819649,-1008.178223
-26.191460,28.826609,-1008.070801
-26.218449,28.788380,-1008.072266
-26.163982,28.837135,-1008.114746
-26.206074,30.420811,-1008.048340
-26.265057,32.397854,-1008.101562
-26.342712,36.011532,-1008.050293
-26.429008,37.710129,-1008.041016
-26.454176,38.290974,-1008.055176
-26.467682,37.563477,-1009.579102
-26.447886,36.196995,-1009.955566
-26.425270,35.230965,-1013.111816
-26.379843,33.065281,-1011.623047
-26.320181,30.341560,-1012.157227
-26.260870,28.277536,-1009.067383
-26.220352,27.483286,-1007.337402
-26.206339,28.321150,-1008.044434
-26.215954,31.076950,-1006.541016
-26.222631,32.621845,-1009.553223
-26.242455,36.319813,-1007.458984
-26.239914,37.069710,-1008.657715
-26.242077,38.063461,-1007.799805
-26.244812,37.499939,-1007.648438
-26.235149,34.535473,-1008.466309
-26.276543,34.956764,-1007.819824
-26.291395,32.820850,-1008.276855
-26.346222,34.115749,-1009.584961
-26.353827,33.010597,-1009.812500
-26.333204,30.489321,-1011.737305
-26.307903,29.692957,-1009.644043
-26.273954,28.450779,-1008.724121
-26.307449,32.195175,-1008.937988
-26.349350,35.882870,-1010.115723
-26.391312,38.006901,-1014.139160
-26.410233,38.707287,-1012.952637
-26.403027,36.660732,-1011.143066
-26.410564,36.118999,-1007.556152
-26.424635,36.568867,-1005.788574
-26.422419,36.570114,-1007.518066
-26.409727,37.644020,-1008.288574
-26.364574,36.856606,-1008.958496
-26.332170,36.917191,-1008.441895
-26.310080,36.971039,-1007.363281
-26.301241,36.861675,-1008.009277
-26.298563,37.219215,-1007.928711
-26.288534,36.944569,-1008.253418
-26.281231,36.929428,-1008.224609
-26.255808,35.349869,-1007.891602
-26.236053,33.339653,-1009.628906
-26.200312,29.919279,-1011.455078
-26.192947,28.147343,-1015.074707
-26.216534,29.144386,-1016.762207
-26.261007,31.745689,-1017.197754
-26.336256,36.580750,-1016.555176
-26.363768,37.660999,-1015.183594
-26.393324,38.408634,-1015.843262
-26.386448,36.874016,-1015.652832
-26.386860,35.940304,-1016.466309
-26.404179,36.841831,-1016.108887
-26.399023,36.561810,-1014.313965
-26.407915,37.616013,-1012.551270
-26.363432,35.441963,-1008.901367
-26.344751,34.934940,-1007.500488
-26.294863,31.899635,-1006.885742
-26.286674,31.581276,-1007.500488
-26.260555,29.434130,-1008.887207
-26.247721,28.796015,-1008.175781
-26.250208,28.792168,-1010.018066
-26.222429,27.589495,-1009.514160
-26.238173,29.698729,-1011.476074
-26.187607,28.171116,-1009.896973
-26.181301,29.628202,-1010.169922
-26.152508,28.671183,-1011.005371
-26.155708,28.744577,-1013.606934
-26.183304,29.241802,-1017.291992
-26.217812,30.286623,-1017.075684
-26.281113,32.682182,-1017.368164
-26.328264,34.342873,-1014.911621
-26.371128,35.584427,-1014.045898
-26.352383,33.093582,-1012.333984
-26.337912,32.110126,-1009.405273
-26.287233,28.525808,-1007.786621
-26.284828,28.666653,-1006.675781
-26.279402,28.529724,-1005.934570
-26.269638,28.196882,-1005.327637
-26.269903,29.963116,-1001.316406
-26.228899,28.107586,-999.959473
-26.236706,29.678986,-999.932129
-26.242371,30.073767,-1002.932617
-26.280525,32.283428,-1007.947754
-26.324989,36.240181,-1008.858887
-26.329689,37.294773,-1009.827637
-26.326494,38.426689,-1007.973633
-26.306452,37.360435,-1007.135254
-26.302324,36.092831,-1008.058594
-26.329420,36.927208,-1007.662109
-26.344770,36.477249,-1008.765137
-26.363121,37.561195,-1008.008789
-26.350248,37.047668,-1007.883301
-26.333878,36.804676,-1008.091797
-26.321857,36.984818,-1007.851562
-24.786190,36.714684,-1008.280273
-24.446957,37.062031,-1008.083984
-22.857935,36.950001,-1008.080078
-23.174303,36.894756,-1008.151855
-22.411362,37.004829,-1008.046387
-20.188799,36.912983,-1008.233398
-19.182695,37.045372,-1008.190918
-16.671585,35.458885,-1008.239746
-19.694201,35.049595,-1008.213867
-21.772375,33.427052,-1008.127441
-25.805271,35.211769,-1008.086426
-27.500576,36.356018,-1008.026855
-26.854996,37.610321,-1008.031250
-26.853548,38.239697,-1008.041504
-25.367922,36.281960,-1008.061035
-26.285513,37.108017,-1008.056641
-26.263689,36.048275,-1008.057617
-26.762707,37.274113,-1008.039062
-26.608706,37.129177,-1008.051758
-26.235250,36.765274,-1008.049805
-26.376478,37.045368,-1008.052734
-26.247482,36.609486,-1008.053711
-26.351572,36.965508,-1008.047363
-26.328447,36.964783,-1008.051758
-26.204407,36.872143,-1008.049316
-26.273199,37.039696,-1008.051758
-26.223101,35.317200,-1009.603027
-26.286461,35.076557,-1009.953613
-26.307735,33.420563,-1011.577148
-26.295183,33.675991,-1009.729980
-26.353378,34.485172,-1008.622559
-26.347805,34.034756,-1007.380371
-26.410372,36.562981,-1006.731445
-26.417643,35.668625,-1008.690918
-26.416136,37.757969,-1007.831543
-26.395788,37.344296,-1008.891602
-26.341381,36.592842,-1007.674805
-26.332533,37.339222,-1007.812012
-26.312290,35.916084,-1008.185547
-26.334822,37.453957,-1007.888184
-26.351568,36.889114,-1009.866699
-26.362850,36.871449,-1011.407715
-26.359985,35.586124,-1014.939453
-26.347397,34.665150,-1016.725098
-26.298996,31.949453,-1017.160645
-26.281450,31.697760,-1016.650879
-26.232134,29.231197,-1015.229004
-26.220354,28.932516,-1014.326660
-26.215622,28.776453,-1012.260254
-26.224293,29.221844,-1009.532227
-26.288523,33.266193,-1007.536621
-26.324326,35.108421,-1006.696289
-24.847977,38.344685,-1007.526367
-24.495720,37.878372,-1008.713867
-22.873039,37.321888,-1006.816895
-24.682896,36.505478,-1006.594727
-25.767206,36.569252,-1004.035645
-27.023636,36.845428,-1006.289062
-26.151121,37.342640,-1007.562988
-23.883995,36.930325,-1008.807617
-23.138243,36.892105,-1011.148438
-23.906609,36.822262,-1010.778809
-26.196735,36.886787,-1015.194824
-27.264172,37.100754,-1015.808594
-25.980574,37.031906,-1017.586426
-23.953140,35.487389,-1016.886719
-22.739424,33.503235,-1015.138672
-23.837206,29.862202,-1016.088379
-26.108036,28.155514,-1015.410156
-27.078094,27.503540,-1015.027832
-27.485035,28.198265,-1012.768066
-25.676207,29.568743,-1008.897949
-26.197241,28.960531,-1007.510254
-25.531200,30.818125,-1006.620117
-26.687513,30.340450,-1007.662109
-24.993174,32.397594,-1008.935547
-22.801178,30.791981,-1008.234863
-19.456755,29.550373,-1008.642578
-17.473289,28.450409,-1007.691895
-17.241825,27.499144,-1008.202148
-19.453611,29.519093,-1008.366211
-22.550640,28.692945,-1008.140625
-25.499926,29.683409,-1008.289062
-27.198687,28.533484,-1007.927734
-27.027346,30.145262,-1009.586914
-26.697056,30.886562,-1011.544922
-25.608305,33.803623,-1013.446777
-26.128263,34.253559,-1013.311035
-26.010672,34.823555,-1010.248047
-26.613672,34.887585,-1007.922363
-26.319407,33.333546,-1006.072266
-26.222269,36.368618,-1007.350098
-26.344097,35.477127,-1008.502441
-26.316936,38.384197,-1008.662598
-26.511862,37.589050,-1008.511719
-26.435925,36.666367,-1007.443848
-26.383011,37.442501,-1007.933594
-26.379648,35.874367,-1008.035156
-26.330458,37.605927,-1009.699707
-26.369549,36.897022,-1011.680176
-26.343969,36.784340,-1014.854004
-26.316517,37.065025,-1015.101074
-26.316071,36.421516,-1015.302246
-26.295761,37.006477,-1013.027832
-26.330862,36.809742,-1012.075195
-26.337275,35.250706,-1011.820801
-26.335447,33.530918,-1009.394043
-26.339188,31.318575,-1009.205566
-26.334955,31.778515,-1006.313965
-26.373323,34.675598,-1007.628418
-26.372860,37.015793,-1007.974609
-26.353119,38.952271,-1008.406738
-26.292311,37.486134,-1008.752441
-26.237682,36.425755,-1007.468262
-26.233398,36.190746,-1008.081055
-26.266758,36.367310,-1009.473633
-24.812315,37.525200,-1011.532715
-23.003933,36.999123,-1015.314941
-19.574175,36.977005,-1016.634277
-17.938337,36.828739,-1017.431152
-17.357588,36.740108,-1016.671875
-17.999914,37.084579,-1015.354004
-19.276197,36.914963,-1016.076660
-18.624998,36.957249,-1014.189453
-18.834875,36.922970,-1014.754883
-17.994360,36.885754,-1012.744629
-18.377174,37.002708,-1014.342285
-20.145655,36.940536,-1015.585938
-21.897465,36.944469,-1016.589355
-25.532801,36.904892,-1017.450684
-26.898903,36.870430,-1015.378906
-27.529568,36.898727,-1016.143066
-26.905567,36.888302,-1015.170898
-25.539078,36.906170,-1014.772461
-26.244953,36.904217,-1012.823242
-25.939478,36.903042,-1008.930664
-26.788172,35.346951,-1007.524902
-26.437418,33.421150,-1008.126465
-26.168404,29.867739,-1011.037109
-26.341242,28.176516,-1015.891113
-26.144884,27.622179,-1016.798340
-26.414949,28.335718,-1017.697754
-26.338537,29.692867,-1016.001465
-26.269320,30.623320,-1015.150391
-26.377867,32.744633,-1016.015137
-26.324587,35.425175,-1015.615234
-26.430059,37.468552,-1015.118652
-26.386183,38.263264,-1012.514648
-26.307911,37.440468,-1008.881836
-26.299013,36.271877,-1007.424316
-26.265871,36.655296,-1006.629883
-26.300751,34.977978,-1007.702637
-26.339127,35.565948,-1008.831543
-26.328590,33.519032,-1008.171387
-26.377686,35.238338,-1008.454590
-26.370106,36.388535,-1007.487793
-26.378313,37.482723,-1007.993164
-24.835886,38.397564,-1008.198242
-24.427671,36.282970,-1008.075684
-22.814428,37.086811,-1008.296875
-24.596481,35.998199,-1007.942383
-25.696234,37.121429,-1008.041992
-26.939333,37.059689,-1008.064453
-27.585855,36.662186,-1007.995117
-25.687140,36.986702,-1008.131836
-26.539585,36.588272,-1008.007324
-25.507961,36.950672,-1008.063477
-26.699924,35.438328,-1008.060059
-26.554974,35.004097,-1006.495117
-26.180931,33.553413,-1006.201660
-26.487959,35.279282,-1004.535156
-26.081705,36.474125,-1006.396484
-26.445503,37.695122,-1007.488281
-26.440100,38.228725,-1008.721191
-26.294474,36.266716,-1009.384277
-26.426821,37.055267,-1007.409668
-26.232662,36.015320,-1009.816406
-26.342184,37.275509,-1010.643555
-26.347092,37.119751,-1015.369141
-26.313713,36.791294,-1016.899414
-26.396751,37.081654,-1017.089844
-26.338909,36.677658,-1016.694336
-26.371128,37.063107,-1014.943359
-26.362114,37.044250,-1015.925293
-26.304255,35.366051,-1014.164551
-24.771469,33.564667,-1013.030762
-22.819702,29.825869,-1009.341309
-19.344065,28.248106,-1007.344727
-17.706480,27.662664,-1007.060547
-17.171164,28.310923,-1007.589844
-17.895674,29.701113,-1009.121582
-19.181917,29.005732,-1008.442871
-20.071423,29.273876,-1008.511719
-22.115772,28.430077,-1007.718262
-24.740734,28.783548,-1009.500977
-26.775436,29.029675,-1011.662109
-27.589434,28.858974,-1013.485840
-26.814472,29.034407,-1013.389160
-25.666702,28.778847,-1010.228516
-26.011459,28.858847,-1007.916504
-25.860598,28.941795,-1006.125977
-26.758522,28.856058,-1007.375977
-26.350935,28.927361,-1008.561035
-26.226419,28.816530,-1008.698242
-26.288906,28.813665,-1008.541992
-26.153616,28.828344,-1007.492676
-26.280426,28.848265,-1008.078613
-26.201391,28.845575,-1008.197266
-26.202831,30.438883,-1008.270020
-26.120323,32.383018,-1007.935547
-26.252174,35.928555,-1008.036621
-26.250044,37.634491,-1008.024902
-26.270529,38.210056,-1008.047363
-26.300419,37.544575,-1008.114746
-26.276981,36.237816,-1008.018066
-26.348316,36.880676,-1008.053711
-26.366825,36.650333,-1008.044922
-26.402044,37.460579,-1008.040039
-26.415695,37.034004,-1008.073242
-26.390728,36.759880,-1008.038574
-26.378119,36.870739,-1008.055664
-26.338669,36.709972,-1008.048828
-26.310225,36.990952,-1008.045410
-26.291861,36.912235,-1008.059082
-26.278893,36.835304,-1008.045410
-26.290667,36.871204,-1008.053223
-26.309425,36.773289,-1008.050293
-26.345306,36.868244,-1008.048340
-24.863523,36.881775,-1008.083984
-24.554708,36.895393,-1008.086914
-22.975431,36.956772,-1008.120117
-24.787161,36.922729,-1008.083008
-24.289700,35.404625,-1008.099609
-23.574776,33.496304,-1008.123535
-20.640072,29.962658,-1008.194824
-18.545221,28.287182,-1009.791016
-19.166801,27.666077,-1011.671875
-21.954203,28.302574,-1015.125488
-24.672401,28.943762,-1017.290039
-24.617247,29.186443,-1016.607422
-22.399109,28.373430,-1015.332520
-25.431463,28.751783,-1015.906250
-24.954218,30.576023,-1014.146973
-27.709419,32.342136,-1014.577637
-26.957479,36.076580,-1012.580078
-25.851168,37.497169,-1012.662598
-26.558475,36.593449,-1011.990234
-25.154938,35.641094,-1009.601562
-26.856152,32.597443,-1008.824707
-26.309263,33.621563,-1006.237793
-26.248323,32.464840,-1007.714844
-26.558456,31.007061,-1008.033203
-25.985785,29.581221,-1008.552734
-26.499218,26.761261,-1008.720703
-26.313684,28.501234,-1007.484375
-26.262110,28.599241,-1008.133789
-26.394217,29.515898,-1007.955566
-26.160530,31.132166,-1008.136719
-26.338125,31.794243,-1008.307129
-26.292662,34.565144,-1007.894531
-26.286259,35.611320,-1008.104980
-26.344149,34.854435,-1008.006348
-26.282200,36.142490,-1008.045898
-26.355080,35.476604,-1008.137695
-26.375561,37.600952,-1007.994629
-26.384266,37.831207,-1008.071777
-26.406523,36.738487,-1008.034180
-26.383722,37.244232,-1008.037598
-26.388624,35.757908,-1008.083984
-26.400097,37.203705,-1009.572754
-26.379940,36.847305,-1009.956055
-26.375917,36.785942,-1011.554199
-26.337172,37.068348,-1009.708008
-26.315542,36.545662,-1008.622070
-26.301880,37.028847,-1007.357422
-26.287609,36.933952,-1006.733887
-26.290848,36.909901,-1008.684570
-26.278402,37.049053,-1007.831543
-26.262363,35.258636,-1008.906738
-26.245413,33.488987,-1007.687988
-26.238508,31.444433,-1007.844238
-26.246649,30.094078,-1008.213379
-26.277840,31.222094,-1007.918457
-26.279913,29.970821,-1008.358398
-26.294722,30.262291,-1008.003906
-26.276026,28.369804,-1008.028320
-26.265041,27.965281,-1008.150879
-26.275545,30.697115,-1007.997070
-26.240883,30.547501,-1008.172852
-26.250042,33.502563,-1008.046387
-26.218328,31.808842,-1008.058594
-26.245949,32.889202,-1008.096680
-26.282700,33.700016,-1008.029297
-26.313831,34.134228,-1008.095703
-26.340517,35.522327,-1008.049316
-26.324358,35.391911,-1008.052734
-26.301735,36.314480,-1008.063965
-26.248751,35.450474,-1008.043945
-26.201292,33.990784,-1008.074707
-26.150286,29.917133,-1008.083008
-26.167896,28.324606,-1008.092285
-26.215467,26.964363,-1008.104004
-26.308199,28.716995,-1008.087402
-26.371891,29.721363,-1008.089844
-26.378576,29.174780,-1008.089355
-26.353947,29.390373,-1008.087402
-26.279352,28.184620,-1008.096191
-26.217354,28.839766,-1008.089355
-26.160076,28.940754,-1008.091309
-26.130415,28.855915,-1008.090332
-26.160238,30.646713,-1008.082031
-26.212862,32.194801,-1008.074707
-26.296133,35.969376,-1006.511230
-26.347832,37.694962,-1006.154785
-26.362547,38.239483,-1004.535156
-26.362057,37.641373,-1006.384277
-26.343643,36.137840,-1007.495117
-26.357368,36.789001,-1008.736328
-26.360659,36.519161,-1009.374023
-26.366018,37.316135,-1007.413574
-26.357460,36.951591,-1008.265625
-26.332464,36.663708,-1007.208008
-26.317812,36.820019,-1008.426758
-26.302307,36.683231,-1008.288574
-26.308897,36.981743,-1007.919922
-26.330156,36.951435,-1008.210449
-26.353727,36.894474,-1007.778809
-26.372534,36.965115,-1008.129883
-26.376984,36.867496,-1009.661133
-26.373415,36.930393,-1011.432129
-26.376631,36.882133,-1015.082520
-26.383259,36.835209,-1016.569336
-26.397585,36.848717,-1017.242188
-26.401087,36.818073,-1015.010254
-26.391794,36.863125,-1011.750977
-26.370190,36.884422,-1008.937988
-26.343386,36.905884,-1006.993652
-26.324917,36.943356,-1007.313477
-26.312252,36.955265,-1007.622070
-26.310514,36.979641,-1008.688477
-24.783895,37.002243,-1008.240723
-22.900999,35.450054,-1008.316895
-20.953360,33.540947,-1009.348145
-21.162573,29.967726,-1010.010254
-24.090664,28.241575,-1011.738770
-26.421438,27.647064,-1009.784180
-28.295971,28.314749,-1008.708496
-26.989819,29.666374,-1007.302246
-25.849470,29.052135,-1006.752441
-25.599266,29.298140,-1008.753418
-25.693811,28.485731,-1007.879883
-26.741510,28.871950,-1008.959961
-24.715555,29.121952,-1007.721191
-24.321943,28.953756,-1007.884277
-22.624443,29.075621,-1008.297363
-22.874905,28.750938,-1007.989258
-22.456293,28.795362,-1008.452148
-21.648252,30.411261,-1008.091797
-21.020458,32.273418,-1008.110352
-20.123526,35.934216,-1008.237305
-21.261042,37.555008,-1008.059570
-22.380249,38.178226,-1008.217285
-25.123058,37.520374,-1008.048828
-26.215153,36.168262,-1008.035156
-27.526089,36.834553,-1008.054199
-26.647667,36.583004,-1008.006348
-26.248648,37.433414,-1008.081055
-25.873402,37.053371,-1008.052246
-25.963560,36.793087,-1008.051758
-26.798481,36.919094,-1008.053223
-26.353920,35.164581,-1009.589355
-26.455912,33.507961,-1009.968750
-26.257307,29.864731,-1011.595215
-26.173018,28.122982,-1009.756348
-26.416895,27.633030,-1008.660156
-26.284048,29.824072,-1007.395996
-26.340942,31.621056,-1006.758301
-26.293028,34.148796,-1008.699707
-26.205965,34.386185,-1007.846680
-26.286863,35.974552,-1008.900391
-26.233009,36.740467,-1007.672852
-26.280188,36.950363,-1007.814941
-26.291445,36.571648,-1008.183105
-26.265379,34.225651,-1007.902832
-26.296494,32.512314,-1008.346680
-26.274981,31.095848,-1008.000000
-26.285292,29.722458,-1008.021973
-26.312019,30.764780,-1008.137207
-26.332699,32.261059,-1007.988770
-26.382124,34.956406,-1008.149414
-26.415266,38.268551,-1009.568359
-26.389442,37.386879,-1009.920898
-26.374659,38.122364,-1011.578613
-26.304449,35.610180,-1011.227051
-26.279545,34.910084,-1012.085938
-26.271940,34.705200,-1012.773438
-26.246008,31.951242,-1011.918457
-26.259985,32.131229,-1010.944824
-26.212835,29.195770,-1007.733887
-26.196833,29.010246,-1006.937500
-26.175932,29.078371,-1007.025879
-26.169226,29.397820,-1008.268555
-26.207172,32.004631,-1008.839844
-24.696884,31.683538,-1008.407715
-22.856718,31.292065,-1007.808594
-20.950144,30.699604,-1008.002441
-21.206343,29.815527,-1008.088867
-24.166651,31.401789,-1008.291992
-26.482359,30.905922,-1008.183594
-28.305956,29.500235,-1007.993164
-26.968513,29.042665,-1008.046875
-25.829306,27.140999,-1008.057617
-25.641281,29.485224,-1008.132324
-25.784622,28.724356,-1008.131836
-26.856531,29.674532,-1008.065430
-26.328882,28.758131,-1008.089355
-26.230442,28.501682,-1008.074707
-26.077457,28.972990,-1008.096680
-25.984903,28.716572,-1008.104492
-26.330231,29.108543,-1008.083984
-26.216236,28.917690,-1008.093262
-26.264214,28.807447,-1008.085938
-26.262465,28.945791,-1008.090332
-26.216862,28.779016,-1008.095215
-26.322214,28.902704,-1006.545410
-26.250214,28.849340,-1004.654297
-26.215363,28.831493,-1001.143555
-26.163597,28.897673,-1001.024902
-26.097925,28.839109,-1002.358887
-26.153332,30.439177,-1006.545898
-26.186525,32.342186,-1009.519531
-26.278257,35.898827,-1009.429199
-26.347328,37.622250,-1008.946777
-26.375303,38.181595,-1006.784668
-26.407782,37.495533,-1007.794434
-26.387417,36.157394,-1006.281250
-26.392260,36.797382,-1005.099121
-26.378614,36.603924,-1002.913086
-26.382410,37.455494,-1002.637695
-26.393463,37.069477,-1005.792480
-26.390532,36.820946,-1008.050781
-26.382484,36.940777,-1010.147949
-26.345760,36.788502,-1008.833008
-26.314617,37.054100,-1009.115723
-26.297705,36.955109,-1010.875000
-26.304071,36.852032,-1014.480469
-26.308617,35.313591,-1017.295898
-26.325926,34.866898,-1017.364746
-26.321665,33.332504,-1016.566895
-26.350151,35.207077,-1015.120605
-26.364906,36.321983,-1015.643555
-26.375200,37.620205,-1015.775391
-26.369293,38.228474,-1014.945312
-26.320223,36.277607,-1012.689941
-26.300022,37.132080,-1008.916992
-26.267511,36.054058,-1007.313965
-26.285250,37.309425,-1006.701660
-26.311024,37.172176,-1007.615234
-26.347317,36.833706,-1008.872070
-26.374907,37.154274,-1006.627441
-26.376078,36.716591,-1004.973145
-26.358328,37.067345,-1000.569336
-26.344713,36.999821,-1000.900879
-26.341297,36.825813,-1002.455566
-26.364182,36.910095,-1006.504883
-26.388638,36.696774,-1009.663086
-26.400343,36.808498,-1009.289551
-26.395475,36.821468,-1008.924316
-26.372190,36.815571,-1008.364258
-26.352541,36.913929,-1011.208008
-26.335428,36.886047,-1014.832520
-26.319647,36.966141,-1015.562500
-26.308256,36.999062,-1014.043945
-26.296017,37.006290,-1009.356934
-26.296062,37.028500,-1006.555176
-26.304922,36.977146,-1006.576172
-26.291332,35.395760,-1007.234863
-26.267397,33.451084,-1007.881348
-26.212837,29.879986,-1006.389160
-27.707294,28.197012,-1003.249023
-29.575691,27.598938,-1002.405762
-33.062134,28.260801,-1001.737793
-34.735317,29.559969,-1003.702637
-33.785263,30.458849,-1007.047363
-31.261602,32.621655,-1007.599121
-26.535002,35.371460,-1010.173828
-25.556955,37.503891,-1007.810059
-24.831255,38.360664,-1008.102051
-26.364153,37.544067,-1009.179199
-27.294991,36.364315,-1009.387207
-26.439840,36.699085,-1012.317383
-26.743839,36.539051,-1009.511719
-25.734869,37.423916,-1010.294922
-26.349728,36.946316,-1010.741211
-26.500862,36.763721,-1011.899902
-26.327343,36.784950,-1014.086914
-26.546272,36.664371,-1009.965820
-26.213045,36.975620,-1008.831543
-26.373568,36.897663,-1005.672852
-26.409727,36.880444,-1007.040527
-26.315666,36.928692,-1008.675781
-26.398514,36.882236,-1010.021973
-26.256481,37.022636,-1010.703613
-26.279709,35.460999,-1012.429688
-26.261822,33.564281,-1012.963867
-26.199255,31.590605,-1014.092285
-26.238489,31.772202,-1014.119141
-26.225275,34.767178,-1011.144043
-26.278603,35.517765,-1011.917969
-26.317410,35.468864,-1007.456055
-26.328547,32.087490,-1008.798828
-26.378235,31.154306,-1005.854004
-26.413725,33.920212,-1003.797363
-26.411509,34.898121,-1003.846680
-26.363270,36.019371,-1001.889160
-26.226915,30.647678,-1006.871582
-26.122452,27.804657,-1007.712402
-26.057859,26.902309,-1009.949707
-26.049566,27.689444,-1009.147949
-26.107100,30.462244,-1007.274902
-26.180429,30.708920,-1009.349609
-26.297756,32.750870,-1010.903320
-26.396986,33.662376,-1015.555664
-26.457157,35.213943,-1015.375488
-26.446171,34.857597,-1013.664062
-26.416817,35.769039,-1011.151855
-26.367834,35.809391,-1008.270020
-26.367666,37.426891,-1010.301758
-26.368076,37.849445,-1010.419922
-26.377632,36.909294,-1013.277832
-26.400335,37.230701,-1014.601562
-26.393950,35.994617,-1015.493652
-26.412733,37.235531,-1017.396484
-26.389315,36.919300,-1014.526367
-26.373158,36.909111,-1012.848145
-26.348698,37.107651,-1008.579102
-26.322958,36.665691,-1006.888672
-26.315872,37.041325,-1007.354004
-26.307459,36.912556,-1007.363770
-26.317272,36.873775,-1009.025879
-26.329237,36.961529,-1008.109863
-26.326002,35.214256,-1008.233887
-26.338718,34.988628,-1007.732910
-26.328653,33.306236,-1007.880371
-26.354538,35.161343,-1008.260742
-26.362131,36.320805,-1009.587891
-26.362812,37.529995,-1011.578613
-26.360022,38.246647,-1014.927734
-26.317991,36.310841,-1015.048340
-26.318945,37.219246,-1013.837402
-26.292227,36.210320,-1009.571777
-26.301355,37.418297,-1006.638184
-26.301392,37.244358,-1006.669434
-26.296085,36.801010,-1007.124512
-26.302456,37.016148,-1009.331055
-26.285841,36.545082,-1008.290039
-26.284309,36.871151,-1008.293945
-26.284765,36.873158,-1007.566406
-26.304522,36.772633,-1007.776367
-26.348688,36.938984,-1008.299316
-26.395868,36.787746,-1008.077148
-26.437778,36.899933,-1008.181641
-26.447401,36.892334,-1007.960938
-26.420145,36.835579,-1007.953125
-26.367807,36.894287,-1008.112793
-26.308256,36.848007,-1008.031738
-26.268105,36.917778,-1008.102051
-26.254919,36.960766,-1008.036621
-26.264515,36.974384,-1008.020020
-26.283968,37.008820,-1008.069824
-26.300814,36.971439,-1008.037598
-26.316216,36.953869,-1008.066406
-26.336596,36.925552,-1008.050293
-26.362852,36.908802,-1006.497070
-26.395760,36.929890,-1004.621582
-26.421890,36.949390,-1002.639648
-24.907721,36.987110,-1002.916016
-23.027945,37.002575,-1005.894531
-19.522287,37.010231,-1008.310059
-19.356028,36.983757,-1010.199219
-20.616407,36.946533,-1008.847656
-24.723749,36.895851,-1007.663574
-27.657034,36.861500,-1007.394043
-27.591507,36.859829,-1007.556152
-27.155743,36.870045,-1008.647461
-25.050289,36.906219,-1008.180176
-26.086412,36.926102,-1008.086914
-26.133392,36.958382,-1007.943359
-25.323156,36.994362,-1007.879395
-23.236055,37.027164,-1008.258301
-19.255527,37.055561,-1008.202148
-17.818817,37.042850,-1008.251465
-17.182798,37.008522,-1008.229004
-18.074190,35.397896,-1008.154297
-20.922163,34.989155,-1008.210449
-21.970812,31.768915,-1008.154297
-25.713612,31.688610,-1009.645996
-26.396730,29.254694,-1011.528320
-27.368774,30.392752,-1014.984863
-26.925875,32.399193,-1016.680664
-25.440859,34.691364,-1017.242188
-26.291515,38.577415,-1016.528809
-25.773941,37.451134,-1015.224121
-26.755013,38.204109,-1015.826172
-26.480213,35.879242,-1015.638672
-26.240801,36.536972,-1014.937012
-24.982227,36.869770,-1012.691406
-22.869720,37.175228,-1010.533203
-19.668016,35.764153,-1010.958008
-17.930429,34.869144,-1013.791992
-17.220043,33.299011,-1016.427734
-17.977833,35.177315,-1018.208008
-19.146563,36.312202,-1016.790527
-18.615149,37.690685,-1014.201660
-20.356462,38.156822,-1013.520508
-21.334925,34.650562,-1012.153320
-25.237717,33.557167,-1013.441895
-27.034267,28.930307,-1012.112793
-27.507586,28.541903,-1009.793457
-26.995787,27.799530,-1008.598633
-25.417572,28.179014,-1006.062988
-26.171314,29.817554,-1009.451660
-25.976099,28.782461,-1009.929199
-26.775846,30.974119,-1012.137207
-26.466986,32.059059,-1010.315430
-26.160059,35.899971,-1007.938477
-26.308369,36.377728,-1007.459473
-26.155527,36.232220,-1006.582031
-26.391872,34.105457,-1008.787598
-26.360886,34.298634,-1008.073730
-26.296364,36.050583,-1008.706543
-26.364807,37.212559,-1007.733887
-26.283016,38.595371,-1007.740723
-26.307600,36.389587,-1008.183105
-24.755972,36.973068,-1008.001465
-24.355627,36.084549,-1008.303223
-22.799383,37.250454,-1008.069824
-24.612114,37.338943,-1007.994629
-25.735025,35.365154,-1008.117676
-26.982042,33.620159,-1007.996582
-27.578529,29.656509,-1008.129883
-25.653793,28.252888,-1008.098633
-26.477516,27.723755,-1008.067383
-25.444197,28.300621,-1008.131348
-26.664948,29.747271,-1008.051270
-26.502047,28.957140,-1008.109375
-26.131599,29.248577,-1008.087891
-26.383732,28.389700,-1008.084473
-25.951239,28.704002,-1008.104004
-26.304285,28.977795,-1008.079102
-26.319208,30.357737,-1008.087891
-26.240452,32.485153,-1008.074707
-26.419090,35.802341,-1008.050781
-26.252304,37.585613,-1008.053711
-26.338972,38.269981,-1008.039062
-26.295891,37.518280,-1008.050781
-26.220495,36.281231,-1008.054199
-26.291681,36.829586,-1008.050293
-26.247713,36.615303,-1008.054688
-26.326221,37.482571,-1008.045898
-26.353455,37.055061,-1008.051758
-24.835449,36.848175,-1008.081055
-24.540148,36.928955,-1008.087891
-22.915380,35.190273,-1008.129883
-24.743933,33.515858,-1008.098145
-25.786865,29.839695,-1008.098633
-26.978424,28.083708,-1008.078613
-27.591024,27.555267,-1008.071777
-25.637842,28.184055,-1008.106934
-26.482126,29.622185,-1008.081543
-25.407957,28.986235,-1008.107910
-26.592463,29.215221,-1008.079590
-26.429937,28.415039,-1009.633789
-26.058508,28.785782,-1011.531250
-26.349991,29.066990,-1013.488770
-25.924402,28.944378,-1013.269043
-26.276480,29.120264,-1010.310547
-26.271811,28.866531,-1007.965332
-26.183716,30.492712,-1006.077637
-26.364031,32.451096,-1007.386230
-26.241468,35.898022,-1008.475586
-26.363789,37.615570,-1008.675293
-26.354036,38.055603,-1008.511230
-26.286005,37.355541,-1007.434570
-26.326393,36.035755,-1007.948730
-26.272333,36.675045,-1008.020996
-26.312338,36.539616,-1008.164551
-26.335251,37.421455,-1008.240234
-26.327662,37.095161,-1007.904785
-26.370325,36.892025,-1008.041504
-26.368694,37.019337,-1008.020508
-26.393267,36.861423,-1008.057129
-26.384821,35.544067,-1008.125488
-26.374949,35.079376,-1008.020996
-26.368996,33.342098,-1008.075195
-26.375237,33.662407,-1008.054688
-26.377090,32.756546,-1008.065918
-26.349527,30.547373,-1008.104980
-26.319054,29.494835,-1008.073730
-26.283291,28.509804,-1008.099121
-26.289507,32.017151,-1008.070801
-26.299612,35.810337,-1008.052734
-26.291439,38.120953,-1008.052246
-26.268167,38.761654,-1008.036133
-26.228285,36.840164,-1008.054688
-26.217882,36.191078,-1008.052734
-26.237797,36.622475,-1008.050781
-24.737228,36.650993,-1008.084961
-24.437147,37.651592,-1008.082520
-22.865116,36.879471,-1008.122070
-23.199650,36.863049,-1008.112793
-22.444239,36.897606,-1006.586914
-20.230785,36.826164,-1006.281738
-20.754354,37.210720,-1004.652344
-20.137142,37.013966,-1006.514648
-25.101534,37.006020,-1007.515625
-26.967625,36.990055,-1008.724609
-28.068001,36.877335,-1009.338379
-27.446934,36.970299,-1007.392578
-24.966131,36.849960,-1009.837402
-26.274977,36.805740,-1009.103027
-25.892385,36.770420,-1011.946289
-26.934656,36.728092,-1011.482910
-26.672266,36.811138,-1010.367188
-26.009783,36.846176,-1011.041992
-26.305599,36.932659,-1008.118164
-26.017069,36.992775,-1009.330566
-26.322788,37.018173,-1007.212891
-26.335703,37.029537,-1007.514648
-26.166882,36.985447,-1008.396973
-26.334473,36.944210,-1007.506836
-26.246229,36.899460,-1009.047852
-26.372684,36.873142,-1009.075195
-26.411764,36.871616,-1011.497559
-26.360519,36.870686,-1015.084961
-26.409508,36.883015,-1016.402832
-26.339636,36.887341,-1017.556641
-26.340021,36.890621,-1016.374512
-26.325369,36.898876,-1015.226074
-24.773453,36.914391,-1015.929199
-22.913036,35.392120,-1014.049316
-20.956318,33.509411,-1013.280762
-21.180111,29.976120,-1009.234375
-24.140362,29.820145,-1007.339355
-26.487001,29.547827,-1006.883301
-28.423912,33.371616,-1007.280273
-27.101406,33.156368,-1008.988281
-25.964716,33.031536,-1008.235352
-25.660130,30.129343,-1008.424316
-25.734369,29.106031,-1007.649902
-26.796474,32.137398,-1007.874023
-26.284983,32.898949,-1008.239746
-26.256775,35.622929,-1008.055664
-26.083223,30.754276,-1008.229980
-26.011995,29.356808,-1007.998535
-26.332142,26.688936,-1008.036133
-26.222977,27.933975,-1008.139648
-26.289076,31.336288,-1008.052734
-26.278698,32.857498,-1008.127441
-26.267527,36.564911,-1008.032227
-26.386908,36.913063,-1008.032227
-26.363165,37.873123,-1008.060059
-26.390985,37.527840,-1009.576172
-26.362967,34.567940,-1011.517090
-26.333662,33.530075,-1015.009766
-26.315342,29.365692,-1016.692871
-26.277864,28.613342,-1017.266113
-26.254021,27.727087,-1016.575195
-26.234718,28.111250,-1015.261230
-26.223255,29.674435,-1015.884766
-26.201376,28.749832,-1014.125488
-26.202980,29.277594,-1014.624023
-26.202024,28.412716,-1011.085938
-26.247829,28.735561,-1012.350098
-26.298660,30.698177,-1010.411133
-26.353106,32.389019,-1011.440918
-26.402004,36.222469,-1009.923828
-26.406351,37.613102,-1007.464355
-26.405102,38.182980,-1008.320801
-26.369944,37.555298,-1006.050293
-26.339745,36.037285,-1009.362305
-26.311729,36.748306,-1007.615723
-26.281164,36.384121,-1008.665039
-26.270620,37.219238,-1007.948730
-26.268604,36.869923,-1009.097656
-26.287361,36.617134,-1010.290039
-26.321808,36.857037,-1011.358398
-26.343891,36.749538,-1009.898438
-26.366983,37.097313,-1008.640625
-26.375814,37.076576,-1007.193359
-26.358393,35.443417,-1006.865234
-26.332336,33.587166,-1008.609375
-26.260504,29.932182,-1007.927246
-26.214275,28.318861,-1008.960449
-26.180199,27.721626,-1007.660156
-26.190395,28.359966,-1007.907227
-26.254755,31.255621,-1008.171387
-26.306267,32.461445,-1007.929199
-26.345531,33.579510,-1007.966309
-26.308109,32.537289,-1008.025879
-26.275373,32.348438,-1008.114746
-26.256063,32.312614,-1007.993164
-26.294308,35.168396,-1008.153320
-26.283611,33.394577,-1008.041016
-26.288641,32.942886,-1008.058594
-26.257898,30.633890,-1008.102539
-26.257942,31.601490,-1008.042480
-26.293892,35.588871,-1008.087891
-26.298210,36.801334,-1008.041992
-26.307312,37.756172,-1008.043945
-26.253660,33.274925,-1008.076660
-26.216869,29.589678,-1008.074219
-26.208309,27.568443,-1008.105469
-26.224474,27.042509,-1008.098145
-26.296377,30.682007,-1008.080078
-26.349016,33.038658,-1008.074219
-26.391090,34.641254,-1009.601562
-26.423838,36.032097,-1011.494629
-26.407520,33.965912,-1015.012207
-26.425640,35.963047,-1016.664062
-26.399431,35.634232,-1017.229004
-26.392496,37.460918,-1016.529297
-26.349865,36.382828,-1015.216797
-26.293032,32.937553,-1015.867676
-26.250895,30.109163,-1015.665527
-26.236938,28.668150,-1016.517578
-26.270929,31.436928,-1014.582520
-26.321941,35.515926,-1012.432617
-26.350149,38.360371,-1009.041504
-26.343935,38.605713,-1007.213867
-26.317646,37.609932,-1006.933594
-26.275267,35.821491,-1007.546875
-26.268280,36.775967,-1008.797363
-26.248060,36.726326,-1008.220215
-26.257969,37.595352,-1008.343262
-26.247526,35.600395,-1007.602051
-27.782053,33.254940,-1007.937988
-28.132248,29.842865,-1008.165039
-31.279108,27.967806,-1008.008301
-29.825727,27.672144,-1008.162109
-30.349630,28.296917,-1007.906250
-27.291628,29.566729,-1008.035156
-27.063599,29.026760,-1008.100098
-28.073696,29.177814,-1008.035156
-28.156099,28.417498,-1008.106934
-29.285124,28.751934,-1009.546387
-26.135874,28.940338,-1011.519531
-26.098812,28.791817,-1015.047363
-24.678080,30.465012,-1016.709473
-26.529049,32.116623,-1017.256836
-26.568640,35.758804,-1016.528809
-27.031336,37.514835,-1015.196289
-26.285410,38.061073,-1015.848633
-26.176176,37.468864,-1015.629395
-26.371069,36.086449,-1016.486328
-26.347898,36.797806,-1016.098633
-26.483446,36.642464,-1014.317871
-26.284248,37.502155,-1012.555176
-26.203093,37.149010,-1010.429199
-26.263708,36.840321,-1010.934570
-26.265980,36.911541,-1013.802246
-26.385023,36.694172,-1016.085449
-26.392527,36.918407,-1018.021484
-26.408337,36.845451,-1016.615723
-26.445690,36.780190,-1015.599609
-26.432999,36.853367,-1015.372070
-26.450462,36.783276,-1015.512207
-26.415274,36.882473,-1015.075684
-26.372501,36.886658,-1012.637695
-26.337029,36.892979,-1009.081543
-26.297684,36.944530,-1007.270508
-26.289757,36.934631,-1006.625000
-26.286562,36.981445,-1007.656738
-26.276024,35.427620,-1008.838867
-26.265518,33.509830,-1008.241699
-26.228704,29.950958,-1008.438477
-26.209743,28.222223,-1007.538086
-26.195406,27.619890,-1008.028809
-26.194510,28.281458,-1008.211426
-26.214182,29.606508,-1008.095703
-26.228285,28.980654,-1008.253418
-26.274538,29.215868,-1007.951172
-26.313919,28.386427,-1008.070312
-26.358404,28.782669,-1008.116211
-26.377306,29.032703,-1008.067871
-26.383623,30.474979,-1008.147461
-26.378559,32.560211,-1008.035645
-26.382940,35.839664,-1008.051758
-26.375799,37.595245,-1008.055664
-26.369686,38.210915,-1008.029297
-26.362978,37.431320,-1009.613770
-26.348379,36.159863,-1009.937988
-26.360394,36.686363,-1013.104004
-26.322392,34.928810,-1013.162598
-26.295078,33.878181,-1015.566406
-26.238899,31.484554,-1016.008301
-26.209280,31.515285,-1015.922852
-26.223515,34.595043,-1017.180176
-26.222160,36.834782,-1015.000000
-26.255148,39.031155,-1016.678223
-26.262053,37.641445,-1015.254883
-26.312792,36.498253,-1016.240723
-26.395658,36.351772,-1017.776855
-26.474239,36.438087,-1019.142578
-26.542610,37.605690,-1021.664551
-26.538963,37.045887,-1020.925781
-26.500353,36.922474,-1018.261719
-26.440605,36.750137,-1015.956055
-26.370625,36.575481,-1013.868164
-26.317856,36.883114,-1015.417480
-26.263441,36.703735,-1016.328613
-26.227497,36.720478,-1016.627930
-26.218021,36.729702,-1016.491699
-26.235771,36.704346,-1015.330078
-26.267910,35.307232,-1015.936035
-26.305607,33.381664,-1015.950684
-26.345079,31.436045,-1016.129395
-26.401695,31.689119,-1016.222168
-26.464905,34.660957,-1014.294434
-26.474522,35.537781,-1012.564941
-26.441780,35.540939,-1009.013184
-26.339085,30.687309,-1007.416016
-26.286289,29.464703,-1006.931641
-26.273670,30.580460,-1007.491699
-26.311209,34.973782,-1008.849121
-26.338339,39.046204,-1008.168945
-26.309380,38.423374,-1008.391602
-26.287148,37.843410,-1007.585938
-26.263288,35.481003,-1007.931641
-26.296589,36.416443,-1008.187012
-26.321035,36.785351,-1008.043457
-26.332472,37.393719,-1008.201172
-26.309694,37.227215,-1007.941895
-26.273714,36.702091,-1008.011230
-26.259541,36.861298,-1008.084473
-26.273085,36.868984,-1008.024414
-26.315626,37.029850,-1008.109375
-26.361156,37.045322,-1008.022461
-26.386417,36.882942,-1008.040527
-26.386808,36.931656,-1008.061523
-26.373320,36.890003,-1009.579102
-26.360815,36.917839,-1011.508301
-26.362617,36.910355,-1014.989746
-26.365530,36.842796,-1016.656250
-26.368458,36.851032,-1017.226562
-26.366936,36.830982,-1016.526367
-26.364368,36.842869,-1015.220703
-26.368755,36.844017,-1015.845703
-26.361406,36.832317,-1014.088867
-26.331520,35.283203,-1013.048828
-26.283991,33.384499,-1009.167969
-26.225193,29.856937,-1007.291016
-26.201605,28.195051,-1006.865234
-26.200258,27.632065,-1007.396484
-26.219551,28.326128,-1008.985352
-26.243460,29.649250,-1009.806152
-26.247332,28.984560,-1011.855957
-26.268951,29.176970,-1014.572266
-26.278502,28.308210,-1016.534668
-26.302317,28.695742,-1017.416992
-26.317520,28.960424,-1016.578613
-26.323721,28.866013,-1015.401367
-26.332716,29.061575,-1015.787109
-26.317373,28.825825,-1014.073242
-26.295300,28.931314,-1013.118652
-26.251970,29.017719,-1009.168945
-26.213554,28.952042,-1007.351074
-26.190983,29.010874,-1006.839355
-26.184832,28.890833,-1007.374512
-26.197788,28.887905,-1008.994141
-26.210924,28.903624,-1008.253418
-26.229500,28.871374,-1008.436523
-26.243809,28.900988,-1007.624023
-26.261372,28.848347,-1009.460938
-26.266918,28.842117,-1010.144531
-26.264439,28.843975,-1011.600098
-26.240723,28.855433,-1009.905762
-26.212603,28.896475,-1008.550293
-26.183899,28.908487,-1007.347168
-26.161329,28.917023,-1006.810059
-26.174580,30.460539,-1008.692383
-26.194439,32.351772,-1007.915527
-26.257767,35.875645,-1008.875488
-26.306847,37.539730,-1007.655273
-26.363932,38.091663,-1009.364258
-26.407000,37.396942,-1011.599609
-26.428612,36.074646,-1013.316895
-26.453249,36.751793,-1013.490723
-26.438057,36.588184,-1010.190430
-26.426361,37.486893,-1007.863770
-26.368084,35.573059,-1006.098633
-26.306673,33.407532,-1007.304199
-26.223917,29.952765,-1008.593262
-26.161757,28.057396,-1008.700195
-26.133368,27.711161,-1008.547852
-26.133980,28.286802,-1007.500977
-26.188519,31.093767,-1007.939941
-26.236591,32.426182,-1008.070801
-26.319557,36.129967,-1008.158691
-26.362186,37.084095,-1008.237793
-26.394026,38.052261,-1007.909668
-26.400629,37.610420,-1008.022461
-26.389236,36.184826,-1008.035645
-26.402321,36.946461,-1008.051270
-26.396994,36.453030,-1009.665527
-26.393248,37.351963,-1009.905762
-26.369390,37.004253,-1011.560059
-26.340055,36.721519,-1011.250977
-26.328066,36.947041,-1010.495605
-26.333345,36.737118,-1010.898926
-26.351448,37.085236,-1008.379883
-26.382404,37.053291,-1009.249512
-26.393177,36.996284,-1007.147461
-26.394213,37.076511,-1007.568359
-26.350443,35.372139,-1008.324219
-26.285202,33.515343,-1007.612793
-26.204142,29.901321,-1009.061035
-26.146008,28.167795,-1007.556641
-26.123787,27.619144,-1008.130859
-26.129463,28.264919,-1008.146484
-26.165865,29.633577,-1009.402832
-26.197811,28.994255,-1011.855957
-26.251383,29.214773,-1014.870605
-26.273514,28.409389,-1015.182129
-26.286860,28.798134,-1015.401367
-26.264484,29.064657,-1012.962402
-26.258621,30.465611,-1013.696289
-26.274040,32.480770,-1015.254395
-26.323824,35.695477,-1016.333496
-26.365969,37.399632,-1016.270020
-26.383114,38.032192,-1011.979004
-26.387444,37.297272,-1010.713867
-26.380659,36.090721,-1009.960449
-26.410791,36.689285,-1013.990723
-26.424101,36.552605,-1016.478027
-26.435640,37.493561,-1016.338867
-26.405611,37.145145,-1013.384277
-26.351835,36.973297,-1008.369141
-26.301762,37.050228,-1006.773926
-26.257095,36.830021,-1006.453613
-26.245857,37.026878,-1008.065430
-26.254295,36.863983,-1009.013184
-26.278179,36.777130,-1008.146484
-26.316881,36.818226,-1008.294922
-26.351500,36.764584,-1007.401367
-26.390955,36.899532,-1008.060059
-26.419781,36.923962,-1008.222168
-26.434059,36.953514,-1008.053223
-26.409813,35.435612,-1008.210449
-26.377977,35.042778,-1007.886230
-26.318565,33.409702,-1008.061035
-26.301464,35.228912,-1008.094727
-26.288378,36.293198,-1009.576660
-26.293222,37.528748,-1011.550781
-26.308636,38.132080,-1014.940918
-26.296696,36.170177,-1016.661621
-26.327530,37.056419,-1017.229980
-26.337664,36.031029,-1016.523438
-26.379232,37.312004,-1015.237305
-26.397818,37.179588,-1014.289062
-26.393312,36.802071,-1012.195801
-26.375938,37.068188,-1009.534180
-26.339565,36.603199,-1007.482422
-26.321995,36.942699,-1006.703613
-26.322687,36.913746,-1007.504395
-26.343557,36.782825,-1008.669434
-26.373062,36.926571,-1008.310059
-26.394859,36.764061,-1008.439453
-26.399090,36.915348,-1007.538086
-26.385990,36.958942,-1007.964355
-26.357416,36.959518,-1008.116699
-26.325771,37.046715,-1008.078613
-26.297457,36.978481,-1008.214355
-26.276598,36.991928,-1007.927734
-26.264711,36.956303,-1008.029785
-26.240955,35.344349,-1008.066895
-26.244074,34.997005,-1008.044434
-26.242031,33.336185,-1008.129395
-26.292616,35.228130,-1008.026367
-26.333771,36.359890,-1008.050781
-26.370138,37.629105,-1008.050781
-26.392027,38.294331,-1008.030762
-26.377201,36.316799,-1008.075195
-26.398735,37.178101,-1008.039551
-26.392702,36.090317,-1008.055664
-26.408098,37.291275,-1008.050781
-26.393602,37.126160,-1008.042969
-26.366152,36.744572,-1008.059570
-26.339041,37.062500,-1006.501465
-26.308535,36.660870,-1004.617676
-26.297222,37.050323,-1001.103516
-26.302649,37.046131,-999.438965
-26.316591,36.912594,-998.884277
-26.330761,37.037842,-999.565430
-26.325809,36.848053,-1000.887695
-26.282631,35.396614,-1000.262207
-26.239948,33.465469,-1002.028320
-26.205971,31.421225,-1003.091309
-26.230745,31.700531,-1006.973633
-26.294899,34.625187,-1008.858887
-26.332737,35.487316,-1010.829590
-26.345604,35.477760,-1012.195312
-26.279491,30.549751,-1014.139160
-26.224348,27.732895,-1016.526855
-26.175077,26.905653,-1016.943848
-26.165209,29.340895,-1017.032715
-26.182367,33.733734,-1013.855469
-26.185717,34.612617,-1012.266113
-26.225191,36.133907,-1010.229004
-26.250526,34.066059,-1011.172852
-26.337111,35.519012,-1013.980957
-26.397839,35.856617,-1014.508789
-26.441469,35.905514,-1014.528320
-26.432943,34.606174,-1009.608398
-26.365423,29.618246,-1007.057129
-26.333920,28.428192,-1006.292480
-26.286160,26.727932,-1007.076172
-26.283354,28.687874,-1009.494141
-26.257397,29.853880,-1008.288086
-26.219807,29.042971,-1008.489746
-26.210802,29.481995,-1007.502930
-26.204077,28.177635,-1007.787109
-26.240837,28.909895,-1008.373535
-26.291784,30.634621,-1008.074707
-26.333982,32.330040,-1008.263184
-26.383343,36.128986,-1007.937988
-26.384619,37.329788,-1007.941895
-26.377279,38.065426,-1008.117676
-26.360928,37.391541,-1008.013184
-26.350542,35.959209,-1008.125488
-26.376453,36.736809,-1008.029785
-26.381691,36.377419,-1008.019043
-26.384516,37.317539,-1008.073242
-26.347166,36.983009,-1008.027344
-26.296642,36.745319,-1008.076172
-26.254299,36.972527,-1008.047363
-26.225231,36.789837,-1008.040039
-26.228535,37.110397,-1008.060547
-26.249304,37.050671,-1008.040039
-26.283768,36.975079,-1008.059570
-26.326862,37.052395,-1008.049316
-26.369429,36.935371,-1008.048340
-26.416162,36.997517,-1009.597168
-26.449142,36.928467,-1011.485352
-26.447666,36.829868,-1016.659180
-26.407278,36.770813,-1017.221191
-26.360106,36.817425,-1016.533203
-26.321857,36.845905,-1015.214844
-26.314068,36.888950,-1015.633789
-26.333326,36.861012,-1016.476074
-26.352364,36.850300,-1016.098633
-26.368290,36.823139,-1015.864258
-26.376215,36.802338,-1015.992676
-26.370773,36.815136,-1015.832520
-26.335382,35.278461,-1016.113770
-26.289846,33.419582,-1016.041992
-26.249538,31.487837,-1015.987793
-26.226683,30.207848,-1014.504395
-26.268898,32.863842,-1012.514648
-26.290396,33.606731,-1009.089844
-26.354843,37.357662,-1007.386719
-26.359808,37.106274,-1006.811035
-26.359522,37.212635,-1007.519043
-26.355331,37.605488,-1008.802734
-26.319969,35.754887,-1009.750000
-26.344164,37.670208,-1011.843262
-26.334358,36.062412,-1014.509766
-26.367514,37.213642,-1016.554688
-26.385099,36.940079,-1017.340332
-26.399317,36.510117,-1016.534180
-26.425041,37.168224,-1015.370117
-26.430744,36.609818,-1015.732910
-26.430523,37.005558,-1015.598633
-26.410917,36.975750,-1016.503906
-26.375065,36.811016,-1016.075684
-26.348864,37.072903,-1015.922852
-26.331091,36.846729,-1015.963379
-26.333200,36.958717,-1015.824707
-26.343662,36.922718,-1016.113770
-26.348829,36.812160,-1016.010742
-26.347235,36.870815,-1015.980469
-26.332090,36.762024,-1014.463379
-26.326077,36.793613,-1014.035156
-26.325783,36.817177,-1012.511719
-26.322826,35.255650,-1014.338867
-26.329737,34.981865,-1015.435547
-26.310202,33.345856,-1016.705566
-26.330130,35.237297,-1017.298828
-26.340824,36.353806,-1015.366211
-26.380060,37.578201,-1016.203125
-26.395323,36.663719,-1015.143555
-26.368595,32.763077,-1014.851562
-26.357298,31.660986,-1014.350098
-26.298225,29.312593,-1010.848145
-26.304705,31.635691,-1011.077148
-26.259899,30.351488,-1008.243164
-26.253666,30.191027,-1008.182129
-26.260601,30.123688,-1008.238281
-26.260496,29.596100,-1006.854980
-26.319189,32.668827,-1009.147461
-26.310347,31.856543,-1007.284668
-26.350279,33.809704,-1010.364746
-26.334587,33.313099,-1009.729492
-26.313255,32.561272,-1012.861816
-26.269884,31.776897,-1013.498535
-26.196516,28.333282,-1015.294922
-26.195084,29.516001,-1016.253906
-26.216492,31.169590,-1015.885254
-26.301579,35.988483,-1017.070801
-26.345425,38.329666,-1013.576660
-26.374657,38.325092,-1014.666016
-26.369932,37.188126,-1011.827637
-24.847469,35.907471,-1014.605469
-24.509903,36.648403,-1014.124023
-22.898849,36.709129,-1013.073730
-24.713879,37.410583,-1010.621582
-25.776585,36.921661,-1006.546875
-27.014210,36.666229,-1007.073242
-27.660002,36.813633,-1006.710449
-25.756109,36.786076,-1009.123047
-26.612803,37.076157,-1008.520020
-25.564110,37.012508,-1008.222656
-26.752205,36.952591,-1007.729492
-26.585323,36.999447,-1007.689941
-26.190041,36.940544,-1008.223633
-26.444101,37.017380,-1008.145996
-25.987045,36.980904,-1008.134766
-26.313986,36.936260,-1008.020508
-26.292177,36.921528,-1007.936035
-24.649570,36.870182,-1008.116699
-24.454321,36.871563,-1008.095215
-22.679575,35.303871,-1008.156250
-24.615675,33.369698,-1009.649902
-25.691158,29.838196,-1011.500000
-26.906750,28.156620,-1015.038086
-27.628765,27.630257,-1015.131836
-25.698296,29.921789,-1015.381348
-26.633278,33.181980,-1013.046875
-25.630697,36.093067,-1012.016602
-26.838127,37.950420,-1011.841797
-26.693893,37.643452,-1009.362793
-26.278578,37.300419,-1009.187012
-26.527935,36.197361,-1006.301758
-26.092119,36.710812,-1007.594727
-26.418192,36.675709,-1007.988770
-26.388399,35.730072,-1008.416016
-26.212362,33.551434,-1008.776367
-26.281527,29.852669,-1009.049316
-26.069105,28.251160,-1010.008301
-26.160528,27.585676,-1011.487793
-26.194931,30.003803,-1009.762207
-26.194353,31.590313,-1010.435547
-26.314684,34.063736,-1009.108887
-26.289459,34.325554,-1010.292969
-26.368269,35.847073,-1010.308105
-26.370361,35.167599,-1008.378418
-26.353128,34.993122,-1008.305664
-26.362885,34.546806,-1007.854004
-24.807396,34.444645,-1011.954102
-22.961637,37.032581,-1013.422363
-19.478762,36.985851,-1015.571289
-17.833029,38.697186,-1013.797363
-18.796482,36.593163,-1014.688477
-21.341747,35.367641,-1014.835938
-26.133999,34.320919,-1014.898926
-27.157581,33.400181,-1013.696777
-27.944469,35.455624,-1008.892090
-26.443604,36.260902,-1007.613770
-25.511164,37.697876,-1005.904297
-26.369751,38.114410,-1007.820801
-25.989679,36.317547,-1008.965332
-26.972246,37.262554,-1008.175781
-26.311131,36.075298,-1010.125488
-26.169575,37.379955,-1010.719727
-26.375847,37.110771,-1014.965820
-26.165230,36.754902,-1016.810059
-26.519423,37.039692,-1017.193359
-26.342585,36.519310,-1018.319824
-26.286810,36.885803,-1016.902344
-26.335274,35.256157,-1019.355957
-26.180475,33.261192,-1017.346191
-26.270308,31.464432,-1017.021973
-26.219334,31.553909,-1015.535645
-26.261393,34.701801,-1012.950684
-26.371023,37.071751,-1013.190430
-26.394194,38.951756,-1008.671875
-26.477621,37.670856,-1008.311523
-26.475121,36.471554,-1006.516602
-26.470570,36.278622,-1007.223633
-26.458841,36.412857,-1008.986328
-26.403032,37.475166,-1009.517090
-26.366415,36.973579,-1012.135742
-26.326086,36.860794,-1014.452148
-26.306141,36.728046,-1016.468262
-26.308426,36.653500,-1017.420410
-26.308245,37.013378,-1016.425293
-26.318663,36.919346,-1015.464355
-26.324520,36.954166,-1015.718750
-26.302103,35.381199,-1015.580078
-26.278551,33.397068,-1016.556152
-26.251551,31.499756,-1016.059082
-26.270409,31.662304,-1015.979004
-26.330177,34.637341,-1014.427246
-26.382811,37.002632,-1012.376953
-26.397509,37.328636,-1009.181152
-26.356094,34.136322,-1007.397461
-26.311295,31.039232,-1006.851074
-26.304955,31.086885,-1007.550293
-26.336678,34.247822,-1008.774902
-26.362001,37.721344,-1008.229004
-26.359936,39.136951,-1008.392090
-26.322886,37.733994,-1007.561523
-26.289175,34.906059,-1009.507812
-26.298405,34.236816,-1011.604980
-26.315416,33.052692,-1015.025391
-26.377584,35.823376,-1016.818848
-26.397728,36.388084,-1017.107422
-26.403343,37.506332,-1014.957031
-26.389265,37.928036,-1013.337402
-26.338978,35.985859,-1012.320801
-26.333633,37.161850,-1012.484375
-26.311350,35.990265,-1013.995117
-26.321115,37.273533,-1011.724609
-26.334621,37.084316,-1012.089844
-26.338022,36.725029,-1007.838867
-24.849781,37.136917,-1009.718262
-23.000093,36.698273,-1010.910645
-19.563112,37.111443,-1014.365234
-17.930136,37.104630,-1016.486328
-18.006380,37.139755,-1012.139160
-19.273117,36.918983,-1008.145020
-18.645254,36.974880,-1011.732910
-20.386129,36.900524,-1012.712402
-21.438219,36.787697,-1015.055664
-25.286991,36.811043,-1014.656250
-27.151993,36.741127,-1012.474609
-27.562649,36.806301,-1013.386230
-27.003473,36.877151,-1010.851074
-25.394760,36.927917,-1010.556641
-26.069628,37.007195,-1008.113281
-25.908737,37.004990,-1006.532715
-26.701239,36.991489,-1007.832520
-26.429953,36.963470,-1007.650391
-26.129307,36.928123,-1007.308105
-26.299437,36.928894,-1006.539062
-26.171223,36.941475,-1004.015137
-26.438423,36.953053,-1006.502930
-26.401451,36.968803,-1007.218262
-26.307684,36.960224,-1008.925781
-26.361185,36.946026,-1009.513184
-26.269781,36.926449,-1007.272461
-26.355656,36.881775,-1009.885742
-26.352123,36.848003,-1010.538574
-26.332747,36.805832,-1013.868164
-26.350672,36.796700,-1013.509766
-26.297205,36.815041,-1010.094727
-26.290638,35.280090,-1008.133301
-26.262127,33.400013,-1005.751953
-26.228619,29.862650,-1007.484863
-26.246178,28.190315,-1008.597656
-26.268890,29.190447,-1008.643066
-26.319363,31.801130,-1008.645020
-26.365257,36.694450,-1007.336914
-26.346649,37.736675,-1007.962402
-24.802069,38.544094,-1008.067383
-24.411612,37.016186,-1008.166992
-22.800707,36.089314,-1008.360840
-24.644489,36.968903,-1007.903320
-25.716766,35.050529,-1008.067871
-26.947655,34.135609,-1008.030762
-27.531809,29.916374,-1008.048828
-25.597851,28.082508,-1008.194336
-26.482786,29.263672,-1008.033691
-25.496832,31.656572,-1008.102051
-26.796156,36.887917,-1008.036133
-26.680885,37.751247,-1008.028809
-26.308022,36.925560,-1008.082520
-26.557590,35.096344,-1008.041016
-26.069693,32.405224,-1008.083984
-26.423992,35.292599,-1008.055176
-26.389254,36.026459,-1008.047852
-26.275358,38.302261,-1008.054688
-26.386000,36.743782,-1009.588867
-26.167379,32.609287,-1011.512695
-26.265585,30.107880,-1013.486816
-26.256447,27.074831,-1014.812500
-26.256178,28.078407,-1013.757812
-26.351774,28.469698,-1013.367188
-26.311085,29.390759,-1011.254883
-26.338108,29.156363,-1009.625000
-26.310753,28.842621,-1008.384766
-26.246037,28.495203,-1006.713867
-26.232033,28.833241,-1007.871582
-26.164207,28.957716,-1007.896484
-26.149796,29.033119,-1008.612305
-26.169243,30.558895,-1008.519043
-26.190941,30.810631,-1007.581055
-26.291027,34.065571,-1008.150879
-26.305355,32.548855,-1007.898438
-26.343489,33.060730,-1008.169922
-27.856325,31.449669,-1008.211426
-29.715311,31.524981,-1007.868652
-33.223518,35.754730,-1007.978027
-33.310089,35.914177,-1007.847656
-32.011013,39.534473,-1007.935059
-27.806734,36.782188,-1008.079102
-24.852285,36.678940,-1008.033203
-24.942102,36.485306,-1008.108887
-25.429255,36.149681,-1008.049316
-27.615679,37.844551,-1008.018066
-26.612057,36.868832,-1008.067383
-26.583590,37.099548,-1008.029297
-25.853226,36.994728,-1008.072266
-26.035564,36.664234,-1008.050781
-26.527887,37.184731,-1008.041016
-26.315105,36.812317,-1008.058105
-26.423098,36.896946,-1008.041992
-26.228212,36.878670,-1008.056641
-26.238394,36.731922,-1008.051270
-26.405321,36.935112,-1008.048340
-26.332737,36.829597,-1008.052734
-26.396250,36.900036,-1008.048340
-24.805096,36.948124,-1009.626465
-24.437897,36.922981,-1009.981934
-22.892454,37.020687,-1011.627930
-24.690758,36.977451,-1009.747559
-25.825085,36.984169,-1008.621094
-27.057220,36.982281,-1007.351562
-27.688646,36.957497,-1006.704102
-25.779196,36.993713,-1008.697754
-28.116196,36.965889,-1007.800781
-28.917252,35.380180,-1010.394531
-33.536503,33.407421,-1010.984863
-34.973862,29.785410,-1014.622559
-35.132076,28.064995,-1016.656250
-34.711399,27.466124,-1015.393066
-32.993652,28.146334,-1014.820312
-32.461460,29.487535,-1009.992676
-30.383501,28.842360,-1010.640625
-27.648758,29.104687,-1008.190430
-25.772783,28.296808,-1008.520508
-24.839750,30.303633,-1008.400391
-25.748133,30.960997,-1006.765137
-26.907164,32.495148,-1009.037109
-26.466978,30.836721,-1007.242676
-26.645918,29.454876,-1008.894043
-25.671818,28.294609,-1007.917969
-26.140234,27.716959,-1007.824707
-26.329844,29.623493,-1008.391113
-26.265919,28.829742,-1007.767090
-26.444424,29.765604,-1008.335938
-26.141832,30.066557,-1008.055664
-26.297846,32.090488,-1007.973633
-26.398195,35.943573,-1008.181152
-26.394888,37.349869,-1007.919922
-26.497032,38.315834,-1009.667969
-26.362728,37.286243,-1009.937500
-26.370775,35.975727,-1013.069336
-26.373182,36.750572,-1013.201660
-26.351339,36.428436,-1013.968262
-26.399410,37.483685,-1012.560547
-26.343014,37.039230,-1008.952148
-26.338230,36.823135,-1008.546875
-26.313814,37.002644,-1005.847656
-26.292070,36.744972,-1008.191406
-26.298651,37.044376,-1008.101074
-26.280798,36.897598,-1008.442383
-26.284283,36.826962,-1008.643066
-26.284197,36.929401,-1007.283203
-26.290041,36.855255,-1008.212402
-26.291866,35.447510,-1007.950195
-26.307789,35.087692,-1008.106445
-26.317568,33.446335,-1008.314453
-26.345201,33.788319,-1007.839355
-26.364805,34.492691,-1008.139648
-26.356274,34.140820,-1008.016113
-26.363892,36.628895,-1006.493164
-26.326277,35.751434,-1004.714844
-26.323429,37.887962,-1001.023438
-26.301523,37.422268,-1001.018555
-26.253710,35.105846,-1000.766113
-26.224939,33.862862,-1003.077637
-26.148520,28.840843,-1004.169434
-26.147213,28.685753,-1004.264160
-26.162567,27.534418,-1006.791016
-26.209940,28.246294,-1006.952148
-26.282507,29.880148,-1009.833984
-26.322788,30.268322,-1010.095703
-26.379068,32.924473,-1010.019043
-26.425303,35.441505,-1011.210938
-26.447443,37.514668,-1010.545410
-26.447559,38.470932,-1011.075684
-26.408451,37.430088,-1010.854980
-26.355499,36.426147,-1008.513184
-26.331221,36.675625,-1009.232910
-26.301004,36.472706,-1006.898438
-26.305517,37.379276,-1006.187500
-26.303837,36.794552,-1006.376953
-26.298634,36.687309,-1004.132324
-26.300516,36.713261,-1005.845215
-26.277754,36.631607,-1003.428223
-26.268789,37.021286,-1003.422363
-26.263514,36.944622,-1004.226562
-26.265392,36.988567,-1003.435547
-26.294519,37.019054,-1006.842285
-26.311468,36.964512,-1003.965820
-26.348774,37.072601,-1004.057617
-26.369204,37.034119,-1000.384277
-26.391512,37.010609,-1000.812988
-26.379766,35.419319,-1003.461914
-26.340263,33.430775,-1006.170410
-26.269196,29.888916,-1009.950684
-26.201056,28.201202,-1008.734375
-26.182707,29.202740,-1009.158203
-26.192902,31.832260,-1006.986328
-26.241886,35.133587,-1007.709473
-26.255243,34.263779,-1008.032227
-26.262030,31.492790,-1008.344238
-26.274410,28.276173,-1008.393066
-26.327244,28.339289,-1007.902344
-26.408249,31.836279,-1007.989746
-26.448723,34.816486,-1008.021484
-26.414124,34.938122,-1008.082520
-26.304514,31.483768,-1008.182129
-26.204855,29.617565,-1008.044434
-26.147686,30.165327,-1008.073730
-26.153265,33.486130,-1008.051270
-26.164112,34.601032,-1008.054688
-26.154827,31.850662,-1008.107910
-26.159754,29.040344,-1008.078125
-26.162542,26.253208,-1008.105957
-26.208885,28.103481,-1008.090820
-26.228153,29.404003,-1008.083008
-26.223158,29.813648,-1008.096680
-26.229982,31.188414,-1008.076172
-26.235989,31.693550,-1008.079102
-26.302952,35.810757,-1008.056152
-26.348206,37.506744,-1008.043945
-26.381044,38.221302,-1008.048828
-26.388355,37.614090,-1008.042969
-26.369417,35.850353,-1008.058105
-26.375389,36.688046,-1008.050781
-26.344240,34.917606,-1008.059570
-26.324097,33.950851,-1008.067383
-26.270304,30.149866,-1008.083008
-26.243994,28.128019,-1008.096680
-26.244381,27.769382,-1008.096191
-26.259872,28.270531,-1008.095215
-26.288961,29.859566,-1008.085449
-26.282961,29.135202,-1008.090332
-26.279375,29.201948,-1008.088867
-26.278183,29.964022,-1008.085449
-26.292839,32.157566,-1008.075195
-26.330322,36.041885,-1008.054199
-26.341824,37.596966,-1008.047852
-26.347979,38.297802,-1008.042969
-26.338676,37.363659,-1008.049316
-26.328098,36.065277,-1008.054199
-26.342676,36.794907,-1008.051758
-26.337605,36.509911,-1008.052246
-26.337492,37.417614,-1008.047852
-26.309429,36.939388,-1008.050293
-26.280384,36.692249,-1008.052246
-26.262762,36.857285,-1008.049805
-26.256987,36.697582,-1008.052246
-26.278433,37.044666,-1008.048828
-26.312357,36.979153,-1008.051758
-26.355808,36.938187,-1008.050293
-26.399685,37.011185,-1008.050781
-26.412287,35.345009,-1008.058594
-26.429457,35.073742,-1008.060059
-26.391071,31.822811,-1008.077148
-26.393684,33.292336,-1008.066895
-26.350451,32.783478,-1008.072754
-26.340097,35.863861,-1008.055176
-26.313631,37.655472,-1008.046875
-26.270359,36.935497,-1008.051270
-26.278761,38.434937,-1008.042480
-26.246775,35.405430,-1008.058105
-26.285997,37.490398,-1008.047852
-26.277498,36.304516,-1008.053711
-26.268421,35.628216,-1008.057617
-26.245115,33.891289,-1008.065430
-26.195061,29.563978,-1008.088867
-26.195906,28.534237,-1008.091797
-26.200401,27.509590,-1008.099121
-26.227076,28.412106,-1008.093262
-26.255779,29.848909,-1008.085449
-26.252348,28.894356,-1008.091797
-26.272545,29.356119,-1008.087402
-26.282814,28.327581,-1008.094727
-26.319780,28.778263,-1008.090820
-26.353497,29.077606,-1008.089844
-26.386551,30.394577,-1008.083984
-26.385593,30.996902,-1008.079590
-26.385050,33.834457,-1008.066406
-26.327845,33.956284,-1008.065918
-26.296320,36.463127,-1008.051758
-26.249622,36.780930,-1008.051270
-26.209444,35.277157,-1009.602539
-26.205585,34.561226,-1011.498535
-26.155752,28.883114,-1013.495117
-26.203253,30.553253,-1013.253418
-26.203333,28.894091,-1010.315430
-26.290892,33.848690,-1007.940430
-26.304358,33.609955,-1006.062012
-26.327318,34.469257,-1007.376953
-26.315756,33.982460,-1008.483887
-26.299484,34.332623,-1007.147461
-26.319834,37.392643,-1005.078613
-26.291142,36.748360,-1000.491211
-26.318733,38.796093,-1000.869141
-26.263514,34.252525,-1002.301270
-26.272253,33.748245,-1006.640625
-26.234354,29.324780,-1009.728516
-26.242470,28.445766,-1009.320801
-26.265051,28.151190,-1008.984863
-26.283823,28.091888,-1008.347168
-26.323061,29.774244,-1011.275391
-26.310371,28.739258,-1013.333008
-26.306036,29.125612,-1013.704590
-26.300468,30.043478,-1010.580078
-26.315474,32.164944,-1007.697754
-26.355814,36.194386,-1006.007812
-26.341038,36.068619,-1007.266113
-26.300903,34.910339,-1008.557617
-26.209389,30.423935,-1008.810547
-26.140285,27.366318,-1008.504395
-26.124008,27.562944,-1007.495117
-26.129519,27.923765,-1007.947754
-26.171152,30.198460,-1008.063477
-26.179171,29.093735,-1008.233887
-26.209074,29.034758,-1008.262695
-26.231693,28.346127,-1006.416504
-26.273458,28.512014,-1006.173828
-26.326559,30.633968,-1004.542480
-26.357950,32.322556,-1004.881348
-26.385551,35.962765,-1005.663086
-26.356165,37.449699,-1005.191406
-26.320597,37.995102,-1007.704590
-26.276983,37.505692,-1006.840820
-26.263571,36.119740,-1008.952637
-26.297682,36.869003,-1008.548828
-26.311554,35.060894,-1007.792969
-26.335869,33.974918,-1008.520020
-26.299513,30.090662,-1007.109375
-26.300695,29.672085,-1008.620117
-26.288315,29.606947,-1008.058594
-26.303865,31.747292,-1008.022949
-26.289238,31.469742,-1008.305176
-26.249128,29.648764,-1007.759277
-26.238356,30.081717,-1008.247559
-26.205965,29.007280,-1008.069336
-26.245731,32.906319,-1008.035156
-26.214941,30.495539,-1008.186523
-26.214764,30.307463,-1006.425293
-26.196716,27.951778,-1006.259277
-26.196070,27.225540,-1004.579102
-26.249439,29.623398,-1006.405762
-26.254538,28.571510,-1007.574707
-27.812914,30.002108,-1008.699707
-28.158398,30.028952,-1009.390137
-29.757004,31.996359,-1007.367676
-27.954569,36.035500,-1008.229004
-26.842409,37.320633,-1007.210449
-25.600849,38.492634,-1008.417969
-24.945606,37.393208,-1008.318848
-26.866150,36.054932,-1007.911133
-26.060537,36.874485,-1008.211914
-27.137426,36.455494,-1007.770996
-27.518692,37.536076,-1008.098145
-29.570339,37.020283,-1008.057617
-33.437279,36.773808,-1007.855469
-33.289211,36.994965,-1007.999023
-32.392723,36.769848,-1007.848145
-27.882498,37.153572,-1008.038086
-24.918255,37.021976,-1008.102539
-25.081589,36.908607,-1008.048828
-25.381109,36.943741,-1008.107422
-27.662447,36.769825,-1007.995605
-26.507698,35.310081,-1008.059082
-26.442196,33.343929,-1008.070801
-25.742226,31.337553,-1008.075684
-25.904469,31.612686,-1009.640137
-26.501299,33.009209,-1009.948730
-26.291225,33.543236,-1011.578125
-26.380461,31.928995,-1009.739258
-26.181852,30.493515,-1008.638672
-26.162519,30.752161,-1007.405762
-26.392139,34.768932,-1006.733887
-26.328529,36.407768,-1007.146973
-26.382200,35.523056,-1005.948730
-26.288860,32.556427,-1003.861816
-26.224030,28.952406,-1004.160156
-26.318365,32.421093,-1003.765625
-26.289068,33.053955,-1007.223633
-26.347055,36.296955,-1008.654785
-26.284845,33.804886,-1008.387695
-26.215738,29.908855,-1009.544434
-26.217340,30.412266,-1006.537598
-26.186794,29.771427,-1008.734375
-26.266829,36.295708,-1007.362305
-26.291904,37.695007,-1008.381348
-26.329992,38.672832,-1008.418945
-26.371052,38.028316,-1007.624512
-26.375578,35.312962,-1008.323242
-26.424444,37.063469,-1007.809082
-26.417284,36.461712,-1008.105469
-26.391897,35.893181,-1008.200684
-26.342695,33.692127,-1007.915527
-26.263882,29.376400,-1008.204590
-26.227554,28.206367,-1008.009766
-26.192041,27.370060,-1008.101562
-26.179007,28.457232,-1008.147949
-26.177380,29.855806,-1008.027832
-26.161345,28.989977,-1008.139160
-26.183664,29.387255,-1008.060059
-26.205065,28.355574,-1008.091797
-26.253515,28.795448,-1008.110840
-26.297213,29.011780,-1008.068848
-26.324221,28.762083,-1008.108398
-26.342133,28.989437,-1008.081055
-26.334335,28.676233,-1008.090332
-26.319422,28.826378,-1009.641113
-26.292238,28.954563,-1011.520020
-26.283979,30.466873,-1015.036133
-26.279428,32.526955,-1016.679688
-26.295853,35.973728,-1017.224121
-26.272936,36.111038,-1016.541504
-26.259037,36.313663,-1015.215332
-26.206764,32.333706,-1014.327637
-26.199818,30.949121,-1012.227051
-26.196238,29.080433,-1009.565430
-26.213228,28.427279,-1007.534668
-26.250605,29.354319,-1006.728516
-26.254208,27.675207,-1007.556152
-26.303696,29.663996,-1008.706543
-26.300327,28.103912,-1008.349121
-26.331285,29.434044,-1008.482910
-26.339554,30.326956,-1007.564453
-26.324915,30.645008,-1008.000488
-26.311930,32.787781,-1008.137207
-26.228975,30.424145,-1008.109863
-26.196440,31.304438,-1008.245605
-26.182676,31.743311,-1007.951660
-26.214163,32.986149,-1008.049805
-26.276478,34.872795,-1008.071777
-26.262087,30.774216,-1008.062500
-26.268412,29.591246,-1008.150391
-26.226723,26.374323,-1008.067871
-26.234802,27.825043,-1008.094238
-26.244553,29.412683,-1008.091309
-26.235626,29.285698,-1008.074219
-26.232981,29.655472,-1008.110840
-26.203854,28.221985,-1008.082031
-26.220257,30.317408,-1008.085938
-26.223242,30.908581,-1008.082520
-26.249149,32.510300,-1008.067383
-26.242111,30.907408,-1008.087402
-26.239973,29.316032,-1008.085938
-26.244633,28.166733,-1008.094727
-26.275133,29.100838,-1008.090820
-26.338806,32.930531,-1008.067871
-26.381237,35.738506,-1008.058594
-26.410061,38.333721,-1008.042480
-26.387171,37.715805,-1008.046875
-26.360266,37.190853,-1008.049316
-26.329775,36.230789,-1008.052734
-26.326952,36.666359,-1008.053711
-24.808764,36.873016,-1008.080566
-22.963861,37.413620,-1008.116699
-19.516651,37.076427,-1008.187500
-17.888367,36.957176,-1006.676270
-17.332489,36.963135,-1004.795410
-17.980219,36.948143,-1001.271484
-19.247463,37.095184,-999.581055
-18.577061,37.016571,-999.035645
-20.264307,35.418736,-999.693359
-21.264265,33.504391,-1002.547363
-25.072359,31.479366,-1003.739746
-26.964062,31.754185,-1007.425293
-27.441751,34.716042,-1008.221680
-26.984190,37.083988,-1009.157715
-25.476553,38.992474,-1008.728516
-26.211063,37.626175,-1007.271973
-26.096155,36.497120,-1008.073730
-26.897301,36.243248,-1007.573242
-26.619522,36.371407,-1008.500488
-26.298447,37.444927,-1008.190430
-26.413780,36.918308,-1007.898926
-26.234995,36.859539,-1008.116211
-26.426203,36.743816,-1007.862793
-26.308151,35.142159,-1008.165527
-24.620644,33.625755,-1008.143066
-22.737370,29.986816,-1008.106934
-20.700466,28.363119,-1008.249512
-21.026943,27.767742,-1008.127930
-23.983229,28.372505,-1008.167480
-26.327875,29.789610,-1008.095703
-28.224714,29.067816,-1008.033691
-26.896959,29.287750,-1008.099121
-25.819475,28.410618,-1008.076172
-25.617373,28.737104,-1008.113281
-25.769602,28.990520,-1008.103027
-25.312206,28.836040,-1006.557617
-22.927616,29.013271,-1006.273438
-19.389572,28.768669,-1004.708496
-17.650974,30.410408,-1006.594727
-17.062407,32.429329,-1007.700195
-18.139553,35.942585,-1008.900391
-19.326660,37.746380,-1009.514160
-18.698175,38.279194,-1007.560059
-20.368593,37.612705,-1008.382812
-21.293047,36.308617,-1007.312012
-25.238142,36.875595,-1008.447266
-27.053968,36.657391,-1006.731445
-27.506067,37.440178,-1004.455566
-26.981150,37.027306,-1001.250000
-25.365677,35.206223,-999.196777
-26.124678,34.929432,-998.972168
-25.935207,31.562702,-999.666992
-26.739321,31.765469,-1000.846680
-26.425665,29.260384,-1001.917969
-26.090948,28.798162,-1003.859863
-26.264816,28.952494,-1006.631836
-26.112898,27.632648,-1008.679199
-26.398531,29.960466,-1009.415527
-26.333387,28.272699,-1008.670898
-26.242149,29.739262,-1007.439453
-26.283686,28.776220,-1007.840820
-26.189768,28.752001,-1007.707031
-26.266232,29.294798,-1008.594727
-26.236950,28.699390,-1008.189941
-26.191391,29.184900,-1008.013184
-26.188717,28.879074,-1008.067383
-26.128006,28.799911,-1007.927734
-26.144545,28.989531,-1008.210938
-26.152061,28.725224,-1008.116699
-26.179602,28.888710,-1008.078125
-26.237934,28.789242,-1006.564453
-26.279564,28.769058,-1006.136719
-26.329090,28.895229,-1004.613281
-26.359379,28.846653,-1006.432129
-26.378756,30.523512,-1007.518066
-26.387209,32.431236,-1008.772949
-26.388168,35.955528,-1009.355469
-26.357405,37.639431,-1007.422363
-26.322323,38.112911,-1008.259766
-26.274673,37.406532,-1007.202637
-26.247122,36.039974,-1008.437500
-26.249683,36.695866,-1006.736328
-26.242701,34.963173,-1006.040039
-26.249554,33.925411,-1004.717285
-26.226469,30.018221,-1006.147949
-26.220642,28.094776,-1007.617676
-26.218706,27.644829,-1008.845703
-24.690928,28.178793,-1009.391602
-24.345814,29.784979,-1007.573730
-22.728933,29.068407,-1008.285156
-24.548323,29.207977,-1007.299316
-25.629955,28.396036,-1008.500000
-26.865154,28.687319,-1008.288086
-25.987829,30.589235,-1007.993652
-22.199316,32.396809,-1006.740723
-19.613052,36.132801,-1004.485352
-16.943594,37.612885,-1001.372559
-17.627542,38.230885,-1001.207520
-18.193359,37.627052,-1002.435547
-19.162176,36.200218,-1006.737305
-20.388630,36.892006,-1009.529297
-22.032665,35.013775,-1009.544434
-25.022121,35.494423,-1008.999512
-26.981932,33.502033,-1006.773926
-27.656466,35.096973,-1007.814941
-26.979847,36.389996,-1007.782227
-25.651525,37.481468,-1008.553223
-26.110502,38.409969,-1008.318359
-25.939814,36.376125,-1007.810059
-26.817141,37.151035,-1008.021484
-26.462105,36.141594,-1007.915527
-26.293394,37.257599,-1008.143555
-26.389481,37.171192,-1008.146973
-26.248905,36.749592,-1007.990234
-26.503887,36.988495,-1008.069824
-26.385183,36.570698,-1007.997070
-26.296076,36.898045,-1008.067383
-26.295992,36.945732,-1008.079102
-26.186628,36.865879,-1008.032715
-26.259665,37.036911,-1009.609375
-26.226799,36.907040,-1009.925293
-26.232038,37.003185,-1013.106445
-26.257431,35.446053,-1013.166016
-26.267658,35.023129,-1014.018066
-26.327631,33.421249,-1012.561523
-26.367504,33.644081,-1008.962891
-26.413406,34.395687,-1008.572754
-26.403269,32.448051,-1005.853516
-26.391010,33.003006,-1008.224121
-26.323231,30.187075,-1008.129883
-26.301914,32.538582,-1008.461426
-24.759584,35.145126,-1007.143066
-22.879702,36.831776,-1003.910156
-20.942190,37.921207,-1002.913086
-21.124807,33.260273,-1001.348633
-24.027702,30.092899,-1002.511719
-26.341764,27.604923,-1003.067383
-28.239529,28.721918,-1004.655762
-26.992981,32.689743,-1006.601562
-25.942986,36.495338,-1007.717285
-25.739746,37.928722,-1009.421387
-25.879547,38.368095,-1008.366699
-26.913424,36.710987,-1008.158203
-26.382790,34.679588,-1007.571777
-26.299173,33.294865,-1007.616699
-24.599653,29.601856,-1008.605957
-22.668152,30.416557,-1008.103027
-21.060713,29.488480,-1008.340820
-21.215591,33.404831,-1006.540039
-24.179066,34.855045,-1004.499023
-24.962313,36.533955,-1001.268066
-26.425604,37.509552,-1000.937012
-23.607090,36.395550,-1002.434082
-24.310671,38.051361,-1006.544922
-25.171898,36.097462,-1009.465332
-26.556328,37.583309,-1009.458984
-28.184614,36.400902,-1008.893066
-25.770157,37.073349,-1006.816406
-26.513531,37.124828,-1007.798340
-25.329840,36.657326,-1007.819824
-26.483171,37.102150,-1008.544434
-26.689157,36.706886,-1008.300781
-26.237963,36.896694,-1007.816406
-26.559175,36.973778,-1008.016602
-26.096508,36.805767,-1007.923828
-26.363991,36.999245,-1008.145508
-26.421162,36.859657,-1008.140625
-24.712839,36.939987,-1008.023926
-22.991182,36.999928,-1008.133789
-20.886217,36.957767,-1008.106445
-21.223227,37.029186,-1008.169434
-24.180660,35.380028,-1008.129883
-26.444721,33.444992,-1008.048828
-28.339745,29.881081,-1008.058594
-26.946505,28.182764,-1008.063965
-25.852467,27.667303,-1008.107422
-25.640287,28.364098,-1008.114746
-25.768021,29.714808,-1008.089355
-26.837696,29.065187,-1008.084961
-26.312952,29.252869,-1008.081055
-26.262197,29.941910,-1008.085449
-26.169626,32.205166,-1008.078613
-26.139391,35.980179,-1008.056641
-26.504663,37.528744,-1008.047363
-26.362413,38.264145,-1008.041504
-26.353947,37.313835,-1008.047852
-26.290380,36.070477,-1008.055176
-26.224543,36.787994,-1008.052734
-26.314312,34.955650,-1008.060059
-26.263901,33.974163,-1008.065918
-26.241671,29.947939,-1008.083984
-26.222385,28.042635,-1008.095703
-26.189117,27.628481,-1008.096680
-26.233543,28.149488,-1008.094727
-26.240639,29.823408,-1008.086426
-26.246782,29.107828,-1008.089355
-26.260090,29.297489,-1008.089355
-26.242926,28.524818,-1008.093750
-26.259060,28.803392,-1008.091309
-26.251993,29.117508,-1008.090332
-26.247227,28.911022,-1008.090820
-26.231335,28.730804,-1008.091797
